GEO.id.Id,GEO.id2.Id2,HC01_VC216.Estimate..COMPUTERS.AND.INTERNET.USE...Total.households,HC01_VC217.Estimate..COMPUTERS.AND.INTERNET.USE...Total.households...With.a.computer,HC01_VC30.Estimate..COMMUTING.TO.WORK...Workers.16.years.and.over...Public.transportation..excluding.taxicab.,HC01_VC31.Estimate..COMMUTING.TO.WORK...Workers.16.years.and.over...Walked,HC01_VC74.Estimate..INCOME.AND.BENEFITS..IN.2017.INFLATION.ADJUSTED.DOLLARS....Total.households,HC01_VC75.Estimate..INCOME.AND.BENEFITS..IN.2017.INFLATION.ADJUSTED.DOLLARS....Total.households...Less.than..10.000,HC01_VC76.Estimate..INCOME.AND.BENEFITS..IN.2017.INFLATION.ADJUSTED.DOLLARS....Total.households....10.000.to..14.999,HC01_VC77.Estimate..INCOME.AND.BENEFITS..IN.2017.INFLATION.ADJUSTED.DOLLARS....Total.households....15.000.to..24.999,HC01_VC78.Estimate..INCOME.AND.BENEFITS..IN.2017.INFLATION.ADJUSTED.DOLLARS....Total.households....25.000.to..34.999,HC01_VC79.Estimate..INCOME.AND.BENEFITS..IN.2017.INFLATION.ADJUSTED.DOLLARS....Total.households....35.000.to..49.999,HC01_VC80.Estimate..INCOME.AND.BENEFITS..IN.2017.INFLATION.ADJUSTED.DOLLARS....Total.households....50.000.to..74.999,HC01_VC81.Estimate..INCOME.AND.BENEFITS..IN.2017.INFLATION.ADJUSTED.DOLLARS....Total.households....75.000.to..99.999,HC01_VC82.Estimate..INCOME.AND.BENEFITS..IN.2017.INFLATION.ADJUSTED.DOLLARS....Total.households....100.000.to..149.999,HC01_VC83.Estimate..INCOME.AND.BENEFITS..IN.2017.INFLATION.ADJUSTED.DOLLARS....Total.households....150.000.to..199.999,HC01_VC84.Estimate..INCOME.AND.BENEFITS..IN.2017.INFLATION.ADJUSTED.DOLLARS....Total.households....200.000.or.more,HC01_VC85.Estimate..INCOME.AND.BENEFITS..IN.2017.INFLATION.ADJUSTED.DOLLARS....Total.households...Median.household.income..dollars.,HC01_VC141.Estimate..HEALTH.INSURANCE.COVERAGE...Civilian.noninstitutionalized.population.19.to.64.years,HC01_VC143.Estimate..HEALTH.INSURANCE.COVERAGE...Civilian.noninstitutionalized.population.19.to.64.years...In.labor.force....Employed.,HC01_VC03.Estimate..HOUSING.OCCUPANCY...Total.housing.units,HC01_VC05.Estimate..HOUSING.OCCUPANCY...Total.housing.units...Vacant.housing.units,HC01_VC09.Estimate..HOUSING.OCCUPANCY...Rental.vacancy.rate,HC01_VC105.Estimate..SELECTED.CHARACTERISTICS...Occupied.housing.units,HC01_VC106.Estimate..SELECTED.CHARACTERISTICS...Occupied.housing.units...Lacking.complete.plumbing.facilities,HC01_VC107.Estimate..SELECTED.CHARACTERISTICS...Occupied.housing.units...Lacking.complete.kitchen.facilities,HC01_VC108.Estimate..SELECTED.CHARACTERISTICS...Occupied.housing.units...No.telephone.service.available,HC01_VC128.Estimate..VALUE...Owner.occupied.units...Median..dollars.,HC01_VC64.Estimate..HOUSING.TENURE...Occupied.housing.units,HC01_VC65.Estimate..HOUSING.TENURE...Occupied.housing.units...Owner.occupied,HC01_VC66.Estimate..HOUSING.TENURE...Occupied.housing.units...Renter.occupied,HC01_VC84.Estimate..VEHICLES.AVAILABLE...Occupied.housing.units,HC01_VC85.Estimate..VEHICLES.AVAILABLE...Occupied.housing.units...No.vehicles.available,HC01_VC199.Estimate..GROSS.RENT.AS.A.PERCENTAGE.OF.HOUSEHOLD.INCOME..GRAPI....Occupied.units.paying.rent..excluding.units.where.GRAPI.cannot.be.computed....Less.than.15.0.percent,HC01_VC200.Estimate..GROSS.RENT.AS.A.PERCENTAGE.OF.HOUSEHOLD.INCOME..GRAPI....Occupied.units.paying.rent..excluding.units.where.GRAPI.cannot.be.computed....15.0.to.19.9.percent,HC01_VC201.Estimate..GROSS.RENT.AS.A.PERCENTAGE.OF.HOUSEHOLD.INCOME..GRAPI....Occupied.units.paying.rent..excluding.units.where.GRAPI.cannot.be.computed....20.0.to.24.9.percent,HC01_VC202.Estimate..GROSS.RENT.AS.A.PERCENTAGE.OF.HOUSEHOLD.INCOME..GRAPI....Occupied.units.paying.rent..excluding.units.where.GRAPI.cannot.be.computed....25.0.to.29.9.percent,HC01_VC203.Estimate..GROSS.RENT.AS.A.PERCENTAGE.OF.HOUSEHOLD.INCOME..GRAPI....Occupied.units.paying.rent..excluding.units.where.GRAPI.cannot.be.computed....30.0.to.34.9.percent,HC01_VC204.Estimate..GROSS.RENT.AS.A.PERCENTAGE.OF.HOUSEHOLD.INCOME..GRAPI....Occupied.units.paying.rent..excluding.units.where.GRAPI.cannot.be.computed....35.0.percent.or.more
1400000US36029000110,36029000110,1003.00,809.00,102.00,0.00,1003.00,76.00,99.00,107.00,89.00,234.00,247.00,113.00,19.00,19.00,0.00,41194.00,1739.00,1108.00,1196.00,193.00,4.10,1003.00,0.00,19.00,0.00,60900.00,1003.00,535.00,468.00,1003.00,114.00,67.00,81.00,36.00,23.00,56.00,181.00
1400000US36029000200,36029000200,1687.00,1314.00,123.00,164.00,1687.00,200.00,138.00,293.00,312.00,263.00,272.00,122.00,87.00,0.00,0.00,31682.00,2505.00,1831.00,1924.00,237.00,1.00,1687.00,18.00,25.00,16.00,59800.00,1687.00,791.00,896.00,1687.00,251.00,98.00,86.00,100.00,90.00,66.00,389.00
1400000US36029000500,36029000500,814.00,659.00,50.00,49.00,814.00,94.00,109.00,138.00,148.00,71.00,136.00,64.00,29.00,14.00,11.00,27012.00,1162.00,640.00,1063.00,249.00,7.80,814.00,0.00,0.00,6.00,38900.00,814.00,505.00,309.00,814.00,205.00,74.00,16.00,10.00,22.00,0.00,170.00
1400000US36029000600,36029000600,2050.00,1697.00,58.00,31.00,2050.00,188.00,89.00,167.00,264.00,161.00,517.00,341.00,216.00,74.00,33.00,55548.00,3009.00,2377.00,2163.00,113.00,0.00,2050.00,12.00,40.00,70.00,88900.00,2050.00,1515.00,535.00,2050.00,142.00,164.00,140.00,10.00,46.00,23.00,92.00
1400000US36029000700,36029000700,1513.00,1300.00,86.00,41.00,1513.00,27.00,42.00,168.00,149.00,189.00,293.00,276.00,230.00,93.00,46.00,65179.00,2350.00,1900.00,1663.00,150.00,13.40,1513.00,0.00,0.00,14.00,119500.00,1513.00,1158.00,355.00,1513.00,154.00,107.00,27.00,22.00,18.00,23.00,124.00
1400000US36029000800,36029000800,1885.00,1716.00,100.00,48.00,1885.00,71.00,56.00,214.00,145.00,304.00,359.00,342.00,294.00,82.00,18.00,53821.00,3033.00,2325.00,2058.00,173.00,0.00,1885.00,15.00,0.00,10.00,97300.00,1885.00,1309.00,576.00,1885.00,149.00,124.00,73.00,89.00,14.00,57.00,186.00
1400000US36029000900,36029000900,1094.00,950.00,80.00,19.00,1094.00,35.00,35.00,196.00,101.00,143.00,219.00,225.00,123.00,0.00,17.00,54697.00,1707.00,1259.00,1125.00,31.00,0.00,1094.00,0.00,12.00,45.00,90600.00,1094.00,607.00,487.00,1094.00,103.00,121.00,146.00,9.00,51.00,16.00,109.00
1400000US36029001000,36029001000,2516.00,1962.00,127.00,129.00,2516.00,164.00,207.00,278.00,368.00,488.00,480.00,303.00,162.00,23.00,43.00,42132.00,4095.00,2757.00,2705.00,189.00,0.90,2516.00,12.00,80.00,25.00,76400.00,2516.00,1091.00,1425.00,2516.00,479.00,194.00,246.00,223.00,131.00,92.00,526.00
1400000US36029001100,36029001100,1261.00,866.00,61.00,83.00,1261.00,213.00,116.00,122.00,209.00,210.00,147.00,130.00,64.00,31.00,19.00,33324.00,1757.00,1149.00,1509.00,248.00,7.10,1261.00,7.00,74.00,36.00,70000.00,1261.00,639.00,622.00,1261.00,349.00,97.00,19.00,20.00,46.00,78.00,267.00
1400000US36029001402,36029001402,1595.00,1054.00,111.00,67.00,1595.00,430.00,319.00,236.00,160.00,145.00,154.00,39.00,44.00,34.00,34.00,16177.00,1762.00,932.00,2003.00,408.00,14.50,1595.00,36.00,36.00,19.00,102800.00,1595.00,262.00,1333.00,1595.00,853.00,215.00,49.00,109.00,86.00,226.00,523.00
1400000US36029001500,36029001500,662.00,466.00,85.00,0.00,662.00,132.00,111.00,75.00,98.00,84.00,85.00,22.00,55.00,0.00,0.00,26625.00,826.00,418.00,855.00,193.00,0.00,662.00,0.00,13.00,5.00,56100.00,662.00,311.00,351.00,662.00,238.00,49.00,6.00,36.00,23.00,7.00,201.00
1400000US36029001600,36029001600,1066.00,717.00,228.00,154.00,1066.00,226.00,300.00,304.00,74.00,74.00,66.00,8.00,14.00,0.00,0.00,15236.00,1360.00,779.00,1679.00,613.00,5.50,1066.00,39.00,59.00,33.00,27600.00,1066.00,270.00,796.00,1066.00,564.00,23.00,16.00,84.00,15.00,63.00,549.00
1400000US36029001700,36029001700,744.00,537.00,82.00,0.00,744.00,197.00,124.00,131.00,95.00,66.00,49.00,54.00,28.00,0.00,0.00,17237.00,1043.00,535.00,968.00,224.00,3.70,744.00,23.00,20.00,21.00,28300.00,744.00,358.00,386.00,744.00,261.00,19.00,6.00,22.00,25.00,19.00,254.00
1400000US36029001900,36029001900,1382.00,1114.00,24.00,18.00,1382.00,171.00,94.00,146.00,126.00,258.00,310.00,157.00,47.00,67.00,6.00,43409.00,1839.00,1325.00,1609.00,227.00,7.00,1382.00,9.00,9.00,29.00,69300.00,1382.00,1036.00,346.00,1382.00,243.00,53.00,61.00,7.00,24.00,7.00,161.00
1400000US36029002300,36029002300,1387.00,1004.00,187.00,56.00,1387.00,124.00,152.00,310.00,216.00,265.00,179.00,38.00,103.00,0.00,0.00,29399.00,2006.00,1319.00,1656.00,269.00,0.00,1387.00,0.00,0.00,43.00,51300.00,1387.00,562.00,825.00,1387.00,394.00,107.00,67.00,71.00,125.00,87.00,331.00
1400000US36029002400,36029002400,1764.00,1327.00,218.00,81.00,1764.00,335.00,207.00,207.00,210.00,380.00,218.00,75.00,102.00,6.00,24.00,30753.00,2490.00,1617.00,2204.00,440.00,6.70,1764.00,9.00,20.00,74.00,49400.00,1764.00,843.00,921.00,1764.00,455.00,81.00,81.00,67.00,61.00,25.00,485.00
1400000US36029002502,36029002502,1026.00,745.00,47.00,143.00,1026.00,204.00,129.00,101.00,112.00,107.00,183.00,70.00,30.00,90.00,0.00,33787.00,1179.00,709.00,1140.00,114.00,4.50,1026.00,0.00,16.00,6.00,98200.00,1026.00,422.00,604.00,1026.00,408.00,66.00,65.00,66.00,100.00,22.00,277.00
1400000US36029002702,36029002702,907.00,722.00,84.00,62.00,907.00,199.00,193.00,184.00,111.00,91.00,48.00,48.00,33.00,0.00,0.00,17106.00,1457.00,639.00,1378.00,471.00,19.10,907.00,0.00,0.00,30.00,34100.00,907.00,367.00,540.00,907.00,388.00,51.00,8.00,45.00,25.00,85.00,284.00
1400000US36029002800,36029002800,909.00,652.00,113.00,65.00,909.00,282.00,163.00,106.00,158.00,82.00,98.00,8.00,5.00,7.00,0.00,17663.00,1338.00,638.00,1326.00,417.00,10.00,909.00,18.00,51.00,21.00,36100.00,909.00,232.00,677.00,909.00,460.00,53.00,20.00,44.00,23.00,42.00,451.00
1400000US36029002900,36029002900,783.00,597.00,83.00,5.00,783.00,140.00,96.00,170.00,106.00,93.00,102.00,66.00,6.00,4.00,0.00,24071.00,987.00,420.00,1105.00,322.00,6.50,783.00,10.00,4.00,26.00,37400.00,783.00,312.00,471.00,783.00,333.00,71.00,25.00,22.00,6.00,9.00,303.00
1400000US36029003000,36029003000,1085.00,818.00,222.00,11.00,1085.00,166.00,176.00,242.00,126.00,104.00,128.00,37.00,98.00,8.00,0.00,23896.00,1489.00,877.00,1363.00,278.00,2.80,1085.00,0.00,7.00,9.00,42700.00,1085.00,463.00,622.00,1085.00,481.00,72.00,24.00,13.00,42.00,77.00,356.00
1400000US36029003100,36029003100,851.00,549.00,77.00,14.00,851.00,162.00,155.00,59.00,182.00,117.00,94.00,19.00,37.00,0.00,26.00,26547.00,1195.00,680.00,1311.00,460.00,6.00,851.00,13.00,14.00,11.00,59300.00,851.00,346.00,505.00,851.00,365.00,34.00,85.00,92.00,47.00,58.00,189.00
1400000US36029003301,36029003301,1495.00,1210.00,229.00,49.00,1495.00,220.00,124.00,376.00,135.00,162.00,197.00,119.00,101.00,34.00,27.00,25982.00,1756.00,984.00,1897.00,402.00,17.20,1495.00,0.00,0.00,23.00,60900.00,1495.00,749.00,746.00,1495.00,434.00,24.00,33.00,64.00,10.00,46.00,424.00
1400000US36029003302,36029003302,1509.00,1168.00,251.00,13.00,1509.00,269.00,217.00,417.00,71.00,212.00,204.00,38.00,67.00,9.00,5.00,22404.00,1757.00,1022.00,1842.00,333.00,0.00,1509.00,0.00,11.00,57.00,31300.00,1509.00,578.00,931.00,1509.00,491.00,39.00,135.00,32.00,139.00,138.00,379.00
1400000US36029003400,36029003400,1218.00,899.00,137.00,36.00,1218.00,294.00,183.00,157.00,190.00,159.00,135.00,35.00,46.00,8.00,11.00,23922.00,1489.00,860.00,1617.00,399.00,1.50,1218.00,9.00,0.00,9.00,35100.00,1218.00,498.00,720.00,1218.00,384.00,17.00,43.00,78.00,99.00,84.00,359.00
1400000US36029003500,36029003500,1442.00,1083.00,226.00,58.00,1442.00,339.00,174.00,286.00,172.00,205.00,175.00,34.00,57.00,0.00,0.00,22880.00,1622.00,886.00,1991.00,549.00,11.50,1442.00,18.00,34.00,31.00,41900.00,1442.00,535.00,907.00,1442.00,715.00,146.00,64.00,86.00,48.00,64.00,445.00
1400000US36029003600,36029003600,1154.00,830.00,239.00,56.00,1154.00,158.00,123.00,326.00,169.00,166.00,116.00,68.00,28.00,0.00,0.00,24157.00,1744.00,1013.00,1451.00,297.00,5.30,1154.00,0.00,26.00,39.00,31400.00,1154.00,495.00,659.00,1154.00,409.00,80.00,42.00,46.00,23.00,137.00,307.00
1400000US36029003700,36029003700,1650.00,1348.00,252.00,26.00,1650.00,302.00,176.00,346.00,296.00,238.00,99.00,116.00,44.00,26.00,7.00,25022.00,2129.00,1275.00,1981.00,331.00,5.50,1650.00,0.00,29.00,63.00,36900.00,1650.00,490.00,1160.00,1650.00,608.00,77.00,34.00,77.00,70.00,93.00,611.00
1400000US36029003800,36029003800,1108.00,948.00,244.00,16.00,1108.00,265.00,116.00,260.00,77.00,181.00,115.00,67.00,17.00,10.00,0.00,20278.00,1722.00,963.00,1322.00,214.00,5.80,1108.00,0.00,32.00,11.00,38600.00,1108.00,349.00,759.00,1108.00,425.00,38.00,46.00,36.00,56.00,40.00,536.00
1400000US36029003901,36029003901,458.00,321.00,23.00,31.00,458.00,54.00,77.00,125.00,88.00,37.00,29.00,21.00,21.00,0.00,6.00,23269.00,554.00,244.00,590.00,132.00,5.50,458.00,0.00,67.00,24.00,50900.00,458.00,235.00,223.00,458.00,178.00,10.00,0.00,0.00,10.00,51.00,118.00
1400000US36029004001,36029004001,1916.00,1466.00,249.00,50.00,1916.00,469.00,257.00,257.00,238.00,232.00,231.00,157.00,75.00,0.00,0.00,23775.00,2464.00,1300.00,2198.00,282.00,0.00,1916.00,9.00,9.00,38.00,66800.00,1916.00,698.00,1218.00,1916.00,826.00,182.00,92.00,39.00,100.00,71.00,679.00
1400000US36029004100,36029004100,1942.00,1522.00,383.00,30.00,1942.00,230.00,132.00,314.00,343.00,220.00,300.00,257.00,94.00,44.00,8.00,31900.00,2681.00,1746.00,2234.00,292.00,0.00,1942.00,0.00,0.00,21.00,55200.00,1942.00,862.00,1080.00,1942.00,603.00,182.00,111.00,63.00,97.00,23.00,530.00
1400000US36029004200,36029004200,1507.00,1191.00,154.00,0.00,1507.00,289.00,120.00,154.00,163.00,313.00,188.00,226.00,36.00,12.00,6.00,35747.00,2091.00,1117.00,1669.00,162.00,1.50,1507.00,0.00,0.00,61.00,46100.00,1507.00,739.00,768.00,1507.00,444.00,76.00,78.00,42.00,72.00,44.00,410.00
1400000US36029004300,36029004300,2354.00,2070.00,321.00,119.00,2354.00,143.00,284.00,282.00,200.00,420.00,540.00,136.00,306.00,0.00,43.00,41795.00,3927.00,2555.00,2709.00,355.00,4.90,2354.00,0.00,0.00,58.00,65300.00,2354.00,995.00,1359.00,2354.00,776.00,204.00,108.00,186.00,157.00,137.00,467.00
1400000US36029004401,36029004401,1995.00,1602.00,343.00,59.00,1995.00,344.00,84.00,294.00,183.00,329.00,402.00,250.00,62.00,14.00,33.00,38163.00,2741.00,1788.00,2163.00,168.00,1.20,1995.00,0.00,8.00,7.00,55700.00,1995.00,935.00,1060.00,1995.00,528.00,117.00,209.00,69.00,86.00,51.00,436.00
1400000US36029004402,36029004402,1257.00,924.00,290.00,14.00,1257.00,459.00,194.00,171.00,146.00,53.00,100.00,103.00,31.00,0.00,0.00,13469.00,1467.00,849.00,1336.00,79.00,1.20,1257.00,0.00,30.00,10.00,53300.00,1257.00,102.00,1155.00,1257.00,721.00,276.00,57.00,135.00,181.00,58.00,320.00
1400000US36029004500,36029004500,2534.00,2286.00,77.00,21.00,2534.00,246.00,185.00,179.00,110.00,311.00,455.00,328.00,446.00,171.00,103.00,62742.00,4163.00,2953.00,2713.00,179.00,0.00,2534.00,0.00,36.00,48.00,192700.00,2534.00,1506.00,1028.00,2534.00,323.00,217.00,82.00,26.00,125.00,46.00,379.00
1400000US36029004601,36029004601,1249.00,1169.00,398.00,116.00,1249.00,152.00,96.00,113.00,101.00,148.00,218.00,199.00,162.00,29.00,31.00,51394.00,2522.00,1783.00,1405.00,156.00,13.60,1249.00,0.00,7.00,14.00,117300.00,1249.00,664.00,585.00,1249.00,258.00,91.00,41.00,39.00,16.00,61.00,288.00
1400000US36029004602,36029004602,4.00,4.00,93.00,84.00,4.00,0.00,0.00,0.00,0.00,0.00,4.00,0.00,0.00,0.00,0.00,0.00,598.00,253.00,4.00,0.00,0.00,4.00,0.00,0.00,0.00,0.00,4.00,4.00,0.00,4.00,0.00,0.00,0.00,0.00,0.00,0.00,0.00
1400000US36029004700,36029004700,2481.00,1949.00,425.00,198.00,2481.00,343.00,247.00,461.00,154.00,463.00,418.00,186.00,188.00,21.00,0.00,36020.00,4072.00,2171.00,2967.00,486.00,4.00,2481.00,16.00,38.00,75.00,57800.00,2481.00,798.00,1683.00,2481.00,740.00,200.00,196.00,80.00,151.00,87.00,904.00
1400000US36029004800,36029004800,1724.00,1599.00,53.00,55.00,1724.00,77.00,39.00,178.00,115.00,160.00,270.00,206.00,396.00,200.00,83.00,80333.00,2660.00,2172.00,1885.00,161.00,0.00,1724.00,0.00,0.00,12.00,191100.00,1724.00,1047.00,677.00,1724.00,176.00,178.00,114.00,40.00,10.00,83.00,190.00
1400000US36029004900,36029004900,2722.00,2488.00,328.00,182.00,2722.00,225.00,255.00,233.00,179.00,542.00,488.00,325.00,347.00,81.00,47.00,48262.00,4371.00,3293.00,3054.00,332.00,0.00,2722.00,0.00,17.00,71.00,130700.00,2722.00,1014.00,1708.00,2722.00,364.00,274.00,276.00,208.00,297.00,31.00,549.00
1400000US36029005000,36029005000,1086.00,873.00,66.00,0.00,1086.00,106.00,72.00,27.00,118.00,112.00,233.00,270.00,85.00,63.00,0.00,60469.00,1784.00,1366.00,1236.00,150.00,4.20,1086.00,24.00,0.00,65.00,102900.00,1086.00,559.00,527.00,1086.00,186.00,168.00,71.00,42.00,70.00,30.00,130.00
1400000US36029005100,36029005100,2315.00,1917.00,97.00,134.00,2315.00,291.00,222.00,211.00,193.00,373.00,449.00,267.00,218.00,26.00,65.00,41442.00,3174.00,2511.00,2533.00,218.00,3.80,2315.00,0.00,0.00,32.00,112200.00,2315.00,1158.00,1157.00,2315.00,493.00,313.00,85.00,80.00,80.00,177.00,371.00
1400000US36029005201,36029005201,1237.00,1204.00,114.00,16.00,1237.00,77.00,55.00,81.00,108.00,106.00,325.00,122.00,220.00,103.00,40.00,65525.00,1906.00,1471.00,1488.00,251.00,10.50,1237.00,0.00,9.00,54.00,213300.00,1237.00,745.00,492.00,1237.00,108.00,48.00,200.00,58.00,11.00,20.00,117.00
1400000US36029005202,36029005202,926.00,707.00,173.00,131.00,926.00,118.00,101.00,164.00,122.00,116.00,152.00,41.00,78.00,20.00,14.00,30083.00,2110.00,1351.00,1105.00,179.00,5.30,926.00,19.00,16.00,28.00,89800.00,926.00,322.00,604.00,926.00,256.00,72.00,86.00,65.00,19.00,25.00,290.00
1400000US36029005300,36029005300,515.00,386.00,87.00,61.00,515.00,72.00,89.00,54.00,81.00,10.00,88.00,12.00,53.00,39.00,17.00,28047.00,1162.00,624.00,572.00,57.00,0.00,515.00,6.00,24.00,16.00,224500.00,515.00,201.00,314.00,515.00,202.00,24.00,33.00,23.00,96.00,58.00,80.00
1400000US36029005400,36029005400,1854.00,1645.00,129.00,82.00,1854.00,126.00,134.00,145.00,223.00,199.00,250.00,137.00,235.00,151.00,254.00,61016.00,2542.00,2008.00,2038.00,184.00,5.50,1854.00,26.00,26.00,36.00,258400.00,1854.00,927.00,927.00,1854.00,275.00,202.00,84.00,69.00,82.00,76.00,343.00
1400000US36029005500,36029005500,1674.00,1441.00,138.00,65.00,1674.00,316.00,239.00,226.00,270.00,287.00,139.00,68.00,75.00,26.00,28.00,28036.00,2468.00,1454.00,2092.00,418.00,7.80,1674.00,29.00,51.00,53.00,84800.00,1674.00,373.00,1301.00,1674.00,620.00,130.00,102.00,172.00,103.00,89.00,654.00
1400000US36029005600,36029005600,1770.00,1457.00,224.00,58.00,1770.00,236.00,218.00,382.00,230.00,231.00,175.00,87.00,113.00,46.00,52.00,26551.00,2621.00,1434.00,2062.00,292.00,2.50,1770.00,45.00,38.00,26.00,66100.00,1770.00,556.00,1214.00,1770.00,492.00,273.00,171.00,103.00,138.00,85.00,355.00
1400000US36029005700,36029005700,1135.00,938.00,78.00,103.00,1135.00,263.00,139.00,268.00,70.00,166.00,84.00,115.00,30.00,0.00,0.00,19938.00,1853.00,908.00,1348.00,213.00,5.80,1135.00,16.00,64.00,84.00,52900.00,1135.00,309.00,826.00,1135.00,417.00,72.00,142.00,77.00,134.00,25.00,270.00
1400000US36029005801,36029005801,1396.00,1143.00,194.00,64.00,1396.00,237.00,98.00,301.00,217.00,141.00,193.00,135.00,50.00,7.00,17.00,26722.00,2047.00,1188.00,1512.00,116.00,0.00,1396.00,0.00,0.00,0.00,64700.00,1396.00,508.00,888.00,1396.00,467.00,154.00,41.00,0.00,47.00,148.00,416.00
1400000US36029005802,36029005802,1669.00,1262.00,210.00,18.00,1669.00,391.00,202.00,191.00,137.00,167.00,228.00,206.00,140.00,7.00,0.00,30104.00,3031.00,1793.00,1947.00,278.00,2.60,1669.00,31.00,82.00,52.00,53900.00,1669.00,599.00,1070.00,1669.00,585.00,217.00,80.00,56.00,57.00,8.00,406.00
1400000US36029005900,36029005900,1674.00,1298.00,173.00,38.00,1674.00,319.00,271.00,308.00,162.00,241.00,220.00,67.00,59.00,27.00,0.00,23360.00,2299.00,1173.00,1922.00,248.00,4.70,1674.00,0.00,17.00,82.00,50800.00,1674.00,504.00,1170.00,1674.00,628.00,239.00,106.00,107.00,75.00,130.00,495.00
1400000US36029006100,36029006100,1663.00,1483.00,388.00,130.00,1663.00,260.00,234.00,147.00,204.00,393.00,208.00,89.00,82.00,26.00,20.00,34112.00,3152.00,1890.00,2172.00,509.00,5.20,1663.00,15.00,67.00,39.00,68700.00,1663.00,454.00,1209.00,1663.00,449.00,109.00,165.00,110.00,102.00,101.00,564.00
1400000US36029006201,36029006201,0.00,0.00,117.00,125.00,0.00,0.00,0.00,0.00,0.00,0.00,0.00,0.00,0.00,0.00,0.00,0.00,1316.00,542.00,0.00,0.00,0.00,0.00,0.00,0.00,0.00,0.00,0.00,0.00,0.00,0.00,0.00,0.00,0.00,0.00,0.00,0.00,0.00
1400000US36029006301,36029006301,2157.00,1998.00,96.00,158.00,2157.00,78.00,91.00,207.00,265.00,264.00,509.00,298.00,304.00,73.00,68.00,55453.00,3361.00,2610.00,2459.00,302.00,4.00,2157.00,0.00,46.00,57.00,206400.00,2157.00,896.00,1261.00,2157.00,287.00,298.00,278.00,221.00,69.00,133.00,250.00
1400000US36029006302,36029006302,1150.00,1090.00,132.00,90.00,1150.00,81.00,65.00,88.00,32.00,83.00,202.00,216.00,196.00,76.00,111.00,79674.00,1917.00,1572.00,1298.00,148.00,5.80,1150.00,0.00,0.00,24.00,315700.00,1150.00,562.00,588.00,1150.00,117.00,113.00,87.00,88.00,51.00,44.00,195.00
1400000US36029006501,36029006501,1345.00,1228.00,123.00,46.00,1345.00,59.00,69.00,114.00,194.00,203.00,226.00,90.00,189.00,63.00,138.00,55313.00,1965.00,1544.00,1539.00,194.00,2.70,1345.00,0.00,0.00,12.00,183400.00,1345.00,523.00,822.00,1345.00,198.00,223.00,119.00,94.00,60.00,35.00,291.00
1400000US36029006601,36029006601,1039.00,931.00,162.00,140.00,1039.00,71.00,47.00,108.00,171.00,171.00,145.00,138.00,126.00,50.00,12.00,45671.00,1787.00,1344.00,1354.00,315.00,3.30,1039.00,13.00,34.00,54.00,210600.00,1039.00,403.00,636.00,1039.00,248.00,118.00,97.00,52.00,106.00,42.00,221.00
1400000US36029006602,36029006602,1333.00,1141.00,67.00,49.00,1333.00,201.00,162.00,114.00,105.00,86.00,177.00,108.00,168.00,125.00,87.00,49625.00,1463.00,1120.00,1501.00,168.00,3.10,1333.00,54.00,28.00,75.00,235300.00,1333.00,464.00,869.00,1333.00,329.00,114.00,103.00,111.00,119.00,70.00,308.00
1400000US36029006701,36029006701,1726.00,1459.00,254.00,168.00,1726.00,130.00,143.00,276.00,187.00,242.00,241.00,211.00,193.00,35.00,68.00,45944.00,2335.00,1867.00,2102.00,376.00,7.30,1726.00,0.00,0.00,33.00,203100.00,1726.00,384.00,1342.00,1726.00,445.00,273.00,178.00,124.00,90.00,159.00,444.00
1400000US36029006702,36029006702,2215.00,1628.00,103.00,172.00,2215.00,369.00,260.00,168.00,252.00,408.00,344.00,110.00,251.00,0.00,53.00,35786.00,2135.00,1629.00,2524.00,309.00,5.80,2215.00,0.00,37.00,101.00,316500.00,2215.00,235.00,1980.00,2215.00,807.00,324.00,213.00,194.00,329.00,311.00,538.00
1400000US36029006800,36029006800,1938.00,1776.00,186.00,347.00,1938.00,122.00,140.00,186.00,346.00,265.00,416.00,113.00,121.00,157.00,72.00,41685.00,2719.00,2215.00,2512.00,574.00,17.00,1938.00,0.00,0.00,58.00,208900.00,1938.00,621.00,1317.00,1938.00,375.00,172.00,168.00,247.00,90.00,124.00,457.00
1400000US36029006901,36029006901,1312.00,946.00,157.00,62.00,1312.00,294.00,173.00,165.00,207.00,172.00,187.00,54.00,34.00,7.00,19.00,27308.00,2151.00,1106.00,1687.00,375.00,7.10,1312.00,36.00,8.00,70.00,49500.00,1312.00,369.00,943.00,1312.00,541.00,88.00,47.00,101.00,44.00,69.00,449.00
1400000US36029006902,36029006902,1951.00,1365.00,202.00,172.00,1951.00,515.00,155.00,347.00,233.00,240.00,147.00,142.00,119.00,42.00,11.00,24135.00,2521.00,1398.00,2178.00,227.00,0.60,1951.00,49.00,218.00,189.00,133800.00,1951.00,715.00,1236.00,1951.00,901.00,105.00,64.00,97.00,96.00,107.00,694.00
1400000US36029007000,36029007000,1149.00,836.00,148.00,75.00,1149.00,219.00,220.00,203.00,150.00,123.00,109.00,16.00,53.00,56.00,0.00,20829.00,1739.00,965.00,1434.00,285.00,4.80,1149.00,9.00,26.00,65.00,91800.00,1149.00,378.00,771.00,1149.00,379.00,102.00,93.00,49.00,16.00,48.00,402.00
1400000US36029007101,36029007101,1581.00,1036.00,149.00,151.00,1581.00,397.00,335.00,233.00,107.00,155.00,120.00,101.00,118.00,15.00,0.00,17250.00,2025.00,1259.00,1836.00,255.00,3.10,1581.00,9.00,0.00,66.00,96000.00,1581.00,296.00,1285.00,1581.00,716.00,65.00,88.00,120.00,226.00,131.00,559.00
1400000US36029007102,36029007102,1272.00,1002.00,194.00,190.00,1272.00,264.00,199.00,221.00,87.00,178.00,132.00,101.00,41.00,34.00,15.00,21766.00,1486.00,867.00,1388.00,116.00,0.00,1272.00,19.00,23.00,67.00,165100.00,1272.00,237.00,1035.00,1272.00,568.00,82.00,113.00,88.00,95.00,89.00,557.00
1400000US36029007202,36029007202,968.00,823.00,112.00,85.00,968.00,53.00,51.00,147.00,144.00,131.00,64.00,101.00,103.00,51.00,123.00,44471.00,1165.00,825.00,1048.00,80.00,2.80,968.00,14.00,63.00,37.00,393500.00,968.00,312.00,656.00,968.00,121.00,243.00,104.00,90.00,54.00,11.00,154.00
1400000US36029007302,36029007302,3206.00,3002.00,0.00,0.00,3206.00,103.00,112.00,200.00,261.00,454.00,422.00,475.00,746.00,251.00,182.00,78065.00,4986.00,4078.00,3328.00,122.00,0.00,3206.00,0.00,0.00,52.00,166800.00,3206.00,2912.00,294.00,3206.00,69.00,53.00,21.00,119.00,0.00,17.00,56.00
1400000US36029007303,36029007303,2880.00,2620.00,18.00,0.00,2880.00,108.00,61.00,227.00,125.00,343.00,581.00,309.00,820.00,189.00,117.00,74860.00,4551.00,3485.00,3062.00,182.00,4.30,2880.00,0.00,0.00,16.00,189400.00,2880.00,1859.00,1021.00,2880.00,105.00,212.00,91.00,227.00,138.00,123.00,230.00
1400000US36029007304,36029007304,1958.00,1799.00,0.00,0.00,1958.00,48.00,0.00,87.00,131.00,217.00,242.00,239.00,510.00,308.00,176.00,100852.00,2988.00,2476.00,2151.00,193.00,6.40,1958.00,0.00,0.00,42.00,239700.00,1958.00,1766.00,192.00,1958.00,0.00,44.00,19.00,41.00,15.00,42.00,0.00
1400000US36029007600,36029007600,1285.00,1086.00,18.00,57.00,1285.00,8.00,77.00,164.00,148.00,272.00,181.00,167.00,185.00,69.00,14.00,48914.00,1858.00,1481.00,1341.00,56.00,0.00,1285.00,0.00,9.00,8.00,101800.00,1285.00,1101.00,184.00,1285.00,84.00,40.00,0.00,0.00,31.00,0.00,85.00
1400000US36029007700,36029007700,2224.00,1859.00,49.00,230.00,2224.00,308.00,196.00,221.00,220.00,297.00,452.00,252.00,229.00,34.00,15.00,43204.00,2793.00,2127.00,2341.00,117.00,0.00,2224.00,0.00,0.00,36.00,88700.00,2224.00,1415.00,809.00,2224.00,238.00,39.00,143.00,157.00,44.00,39.00,333.00
1400000US36029007800,36029007800,2393.00,2038.00,28.00,38.00,2393.00,181.00,126.00,202.00,329.00,280.00,363.00,574.00,259.00,66.00,13.00,54535.00,3256.00,2290.00,2521.00,128.00,9.50,2393.00,18.00,18.00,35.00,109600.00,2393.00,1765.00,628.00,2393.00,92.00,136.00,21.00,43.00,63.00,122.00,227.00
1400000US36029007901,36029007901,1405.00,1215.00,0.00,5.00,1405.00,95.00,16.00,92.00,180.00,191.00,290.00,214.00,228.00,53.00,46.00,62377.00,1998.00,1680.00,1483.00,78.00,6.30,1405.00,0.00,0.00,25.00,155500.00,1405.00,807.00,598.00,1405.00,29.00,102.00,118.00,69.00,43.00,27.00,188.00
1400000US36029007902,36029007902,2596.00,2234.00,11.00,93.00,2596.00,59.00,9.00,190.00,324.00,410.00,673.00,328.00,507.00,65.00,31.00,59375.00,3603.00,2936.00,2792.00,196.00,0.00,2596.00,13.00,13.00,13.00,127200.00,2596.00,2211.00,385.00,2596.00,107.00,44.00,96.00,32.00,43.00,11.00,122.00
1400000US36029007903,36029007903,1474.00,1297.00,41.00,0.00,1474.00,0.00,59.00,105.00,131.00,293.00,281.00,330.00,209.00,55.00,11.00,63400.00,2023.00,1697.00,1513.00,39.00,0.00,1474.00,11.00,11.00,11.00,128100.00,1474.00,1312.00,162.00,1474.00,54.00,46.00,41.00,10.00,0.00,7.00,58.00
1400000US36029007904,36029007904,1453.00,1175.00,42.00,37.00,1453.00,29.00,24.00,194.00,182.00,127.00,331.00,302.00,228.00,29.00,7.00,59375.00,1877.00,1552.00,1520.00,67.00,0.00,1453.00,0.00,0.00,19.00,122500.00,1453.00,1133.00,320.00,1453.00,145.00,22.00,30.00,54.00,26.00,0.00,157.00
1400000US36029007905,36029007905,2060.00,1782.00,0.00,14.00,2060.00,65.00,33.00,233.00,152.00,213.00,592.00,288.00,348.00,101.00,35.00,67794.00,2611.00,2199.00,2189.00,129.00,27.30,2060.00,0.00,0.00,34.00,148400.00,2060.00,1716.00,344.00,2060.00,67.00,18.00,31.00,139.00,35.00,17.00,80.00
1400000US36029008001,36029008001,2274.00,2079.00,13.00,14.00,2274.00,77.00,40.00,179.00,211.00,296.00,532.00,390.00,391.00,75.00,83.00,63738.00,3309.00,2641.00,2400.00,126.00,0.00,2274.00,0.00,0.00,0.00,121800.00,2274.00,1945.00,329.00,2274.00,146.00,13.00,39.00,125.00,62.00,18.00,72.00
1400000US36029008002,36029008002,2521.00,2301.00,56.00,61.00,2521.00,254.00,57.00,132.00,237.00,484.00,513.00,303.00,438.00,75.00,28.00,51977.00,3274.00,2616.00,2578.00,57.00,0.00,2521.00,0.00,0.00,30.00,129800.00,2521.00,1967.00,554.00,2521.00,165.00,18.00,58.00,161.00,62.00,57.00,149.00
1400000US36029008003,36029008003,2196.00,2079.00,93.00,77.00,2196.00,35.00,114.00,184.00,342.00,290.00,605.00,331.00,220.00,60.00,15.00,56505.00,3032.00,2219.00,2333.00,137.00,0.00,2196.00,0.00,0.00,62.00,111200.00,2196.00,1809.00,387.00,2196.00,201.00,40.00,76.00,47.00,21.00,68.00,135.00
1400000US36029008101,36029008101,2984.00,2394.00,16.00,30.00,2984.00,112.00,235.00,313.00,160.00,696.00,504.00,405.00,316.00,208.00,35.00,49681.00,3450.00,2860.00,3020.00,36.00,0.00,2984.00,0.00,0.00,71.00,128000.00,2984.00,1951.00,1033.00,2984.00,345.00,179.00,73.00,249.00,72.00,77.00,352.00
1400000US36029008102,36029008102,2003.00,1773.00,90.00,39.00,2003.00,85.00,50.00,143.00,191.00,194.00,378.00,242.00,393.00,142.00,185.00,72853.00,2514.00,2066.00,2050.00,47.00,0.00,2003.00,0.00,0.00,12.00,162100.00,2003.00,1717.00,286.00,2003.00,95.00,9.00,58.00,60.00,9.00,24.00,118.00
1400000US36029008201,36029008201,1157.00,963.00,29.00,15.00,1157.00,46.00,74.00,159.00,103.00,221.00,222.00,144.00,145.00,35.00,8.00,49028.00,1445.00,1109.00,1189.00,32.00,0.00,1157.00,0.00,0.00,36.00,113500.00,1157.00,854.00,303.00,1157.00,89.00,27.00,48.00,10.00,20.00,5.00,168.00
1400000US36029008202,36029008202,1813.00,1477.00,74.00,55.00,1813.00,143.00,132.00,218.00,207.00,409.00,308.00,204.00,125.00,31.00,36.00,43350.00,2199.00,1762.00,2074.00,261.00,8.20,1813.00,0.00,9.00,50.00,116800.00,1813.00,879.00,934.00,1813.00,273.00,175.00,109.00,191.00,138.00,17.00,261.00
1400000US36029008300,36029008300,1052.00,849.00,128.00,71.00,1052.00,115.00,207.00,229.00,157.00,169.00,119.00,37.00,9.00,10.00,0.00,23670.00,1233.00,812.00,1205.00,153.00,8.60,1052.00,0.00,46.00,61.00,83800.00,1052.00,218.00,834.00,1052.00,307.00,29.00,33.00,172.00,157.00,46.00,374.00
1400000US36029008400,36029008400,1036.00,878.00,15.00,0.00,1036.00,62.00,103.00,173.00,109.00,161.00,166.00,64.00,190.00,8.00,0.00,39695.00,1498.00,997.00,1160.00,124.00,3.00,1036.00,0.00,19.00,0.00,91900.00,1036.00,743.00,293.00,1036.00,80.00,36.00,29.00,25.00,0.00,0.00,113.00
1400000US36029008500,36029008500,1204.00,978.00,18.00,37.00,1204.00,82.00,50.00,134.00,133.00,101.00,213.00,166.00,228.00,30.00,67.00,61750.00,1517.00,1206.00,1265.00,61.00,0.00,1204.00,0.00,0.00,43.00,124400.00,1204.00,794.00,410.00,1204.00,181.00,30.00,70.00,25.00,71.00,86.00,90.00
1400000US36029008600,36029008600,2186.00,1801.00,19.00,23.00,2186.00,113.00,166.00,253.00,153.00,181.00,459.00,237.00,494.00,84.00,46.00,61207.00,2757.00,2129.00,2351.00,165.00,5.00,2186.00,0.00,250.00,76.00,135300.00,2186.00,1396.00,790.00,2186.00,497.00,183.00,28.00,67.00,29.00,56.00,358.00
1400000US36029008700,36029008700,2107.00,1884.00,98.00,96.00,2107.00,80.00,117.00,241.00,140.00,264.00,377.00,380.00,356.00,103.00,49.00,59948.00,3116.00,2494.00,2286.00,179.00,10.90,2107.00,0.00,54.00,17.00,116100.00,2107.00,1499.00,608.00,2107.00,208.00,158.00,16.00,64.00,55.00,41.00,243.00
1400000US36029008800,36029008800,1593.00,1350.00,48.00,44.00,1593.00,61.00,102.00,136.00,229.00,271.00,318.00,175.00,219.00,82.00,0.00,49836.00,2339.00,1928.00,1703.00,110.00,0.00,1593.00,0.00,0.00,20.00,107600.00,1593.00,1168.00,425.00,1593.00,150.00,36.00,31.00,90.00,21.00,84.00,91.00
1400000US36029008900,36029008900,1870.00,1694.00,43.00,92.00,1870.00,141.00,50.00,104.00,96.00,164.00,390.00,275.00,357.00,189.00,104.00,74038.00,2475.00,1997.00,1931.00,61.00,0.00,1870.00,0.00,9.00,66.00,169300.00,1870.00,1287.00,583.00,1870.00,161.00,94.00,187.00,47.00,51.00,18.00,132.00
1400000US36029009004,36029009004,1512.00,1426.00,36.00,37.00,1512.00,50.00,58.00,32.00,109.00,121.00,248.00,229.00,323.00,161.00,181.00,87750.00,2112.00,1774.00,1584.00,72.00,0.00,1512.00,0.00,0.00,34.00,198900.00,1512.00,1330.00,182.00,1512.00,82.00,0.00,19.00,16.00,19.00,41.00,81.00
1400000US36029009006,36029009006,3099.00,2815.00,12.00,47.00,3099.00,125.00,57.00,148.00,240.00,265.00,514.00,498.00,635.00,275.00,342.00,82357.00,4428.00,3452.00,3219.00,120.00,5.70,3099.00,0.00,0.00,69.00,197300.00,3099.00,2406.00,693.00,3099.00,156.00,140.00,119.00,31.00,91.00,46.00,201.00
1400000US36029009007,36029009007,2642.00,2475.00,0.00,15.00,2642.00,70.00,79.00,50.00,117.00,84.00,140.00,297.00,623.00,481.00,701.00,141944.00,4024.00,3225.00,2780.00,138.00,0.00,2642.00,0.00,0.00,0.00,291300.00,2642.00,2507.00,135.00,2642.00,81.00,0.00,12.00,26.00,0.00,59.00,38.00
1400000US36029009008,36029009008,2570.00,1983.00,14.00,56.00,2570.00,87.00,144.00,265.00,220.00,247.00,344.00,335.00,400.00,313.00,215.00,73103.00,2131.00,1676.00,2704.00,134.00,0.00,2570.00,18.00,92.00,15.00,236100.00,2570.00,1558.00,1012.00,2570.00,615.00,71.00,209.00,17.00,36.00,55.00,576.00
1400000US36029009009,36029009009,2235.00,2101.00,0.00,44.00,2235.00,91.00,34.00,69.00,158.00,233.00,283.00,315.00,380.00,215.00,457.00,94087.00,3281.00,2720.00,2235.00,0.00,0.00,2235.00,0.00,0.00,54.00,204300.00,2235.00,1739.00,496.00,2235.00,0.00,67.00,96.00,31.00,17.00,77.00,208.00
1400000US36029009010,36029009010,2085.00,2012.00,30.00,0.00,2085.00,95.00,22.00,154.00,99.00,159.00,284.00,207.00,440.00,252.00,373.00,101815.00,3360.00,2577.00,2190.00,105.00,8.20,2085.00,0.00,13.00,21.00,273700.00,2085.00,1729.00,356.00,2085.00,77.00,46.00,24.00,0.00,47.00,38.00,158.00
1400000US36029009104,36029009104,1704.00,1621.00,0.00,11.00,1704.00,8.00,41.00,135.00,82.00,180.00,247.00,188.00,331.00,275.00,217.00,94605.00,2390.00,1949.00,1719.00,15.00,0.00,1704.00,0.00,8.00,9.00,224400.00,1704.00,1570.00,134.00,1704.00,47.00,0.00,43.00,16.00,0.00,0.00,75.00
1400000US36029009106,36029009106,1150.00,991.00,0.00,10.00,1150.00,32.00,39.00,26.00,110.00,138.00,211.00,214.00,270.00,49.00,61.00,77846.00,1832.00,1463.00,1262.00,112.00,0.00,1150.00,6.00,6.00,30.00,160500.00,1150.00,897.00,253.00,1150.00,21.00,63.00,48.00,25.00,10.00,9.00,98.00
1400000US36029009107,36029009107,2031.00,1829.00,14.00,76.00,2031.00,211.00,97.00,178.00,263.00,267.00,565.00,149.00,178.00,72.00,51.00,49978.00,3147.00,2472.00,2204.00,173.00,7.30,2031.00,0.00,0.00,0.00,159000.00,2031.00,1049.00,982.00,2031.00,298.00,94.00,80.00,122.00,113.00,161.00,353.00
1400000US36029009109,36029009109,1265.00,1167.00,13.00,59.00,1265.00,74.00,27.00,84.00,62.00,177.00,257.00,183.00,275.00,103.00,23.00,66477.00,1960.00,1460.00,1364.00,99.00,4.70,1265.00,0.00,0.00,26.00,167800.00,1265.00,1058.00,207.00,1265.00,104.00,4.00,17.00,25.00,28.00,6.00,93.00
1400000US36029009110,36029009110,8.00,8.00,266.00,561.00,8.00,3.00,0.00,0.00,5.00,0.00,0.00,0.00,0.00,0.00,0.00,0.00,3769.00,1261.00,8.00,0.00,0.00,8.00,0.00,0.00,0.00,0.00,8.00,0.00,8.00,8.00,0.00,0.00,0.00,0.00,0.00,5.00,3.00
1400000US36029009112,36029009112,1530.00,930.00,60.00,5.00,1530.00,65.00,279.00,411.00,130.00,154.00,161.00,104.00,106.00,64.00,56.00,25521.00,1187.00,772.00,1670.00,140.00,1.50,1530.00,0.00,187.00,74.00,161800.00,1530.00,474.00,1056.00,1530.00,535.00,145.00,49.00,60.00,250.00,93.00,443.00
1400000US36029009113,36029009113,2584.00,2495.00,25.00,0.00,2584.00,31.00,43.00,94.00,57.00,89.00,390.00,309.00,958.00,332.00,281.00,114897.00,3773.00,3123.00,2646.00,62.00,0.00,2584.00,0.00,0.00,14.00,227100.00,2584.00,2524.00,60.00,2584.00,53.00,15.00,0.00,0.00,0.00,0.00,0.00
1400000US36029009114,36029009114,1660.00,1530.00,23.00,15.00,1660.00,78.00,67.00,63.00,131.00,154.00,208.00,299.00,314.00,206.00,140.00,83239.00,2501.00,1998.00,1814.00,154.00,12.40,1660.00,0.00,0.00,26.00,212500.00,1660.00,1433.00,227.00,1660.00,67.00,8.00,42.00,60.00,22.00,0.00,40.00
1400000US36029009115,36029009115,1855.00,1691.00,221.00,56.00,1855.00,463.00,96.00,250.00,238.00,252.00,306.00,164.00,46.00,8.00,32.00,32648.00,3191.00,1649.00,1930.00,75.00,0.00,1855.00,0.00,11.00,67.00,88200.00,1855.00,641.00,1214.00,1855.00,137.00,121.00,73.00,122.00,83.00,88.00,579.00
1400000US36029009116,36029009116,2192.00,2036.00,61.00,25.00,2192.00,186.00,65.00,369.00,191.00,285.00,353.00,225.00,355.00,116.00,47.00,50000.00,3520.00,2215.00,2437.00,245.00,5.50,2192.00,0.00,0.00,32.00,188800.00,2192.00,1051.00,1141.00,2192.00,172.00,128.00,103.00,131.00,13.00,59.00,628.00
1400000US36029009200,36029009200,2112.00,1894.00,16.00,123.00,2112.00,513.00,117.00,149.00,242.00,180.00,476.00,160.00,137.00,72.00,66.00,37244.00,2677.00,1714.00,2334.00,222.00,3.20,2112.00,0.00,0.00,19.00,127200.00,2112.00,966.00,1146.00,2112.00,196.00,149.00,60.00,103.00,74.00,48.00,563.00
1400000US36029009301,36029009301,2229.00,2001.00,160.00,136.00,2229.00,321.00,136.00,233.00,184.00,351.00,391.00,244.00,271.00,43.00,55.00,45135.00,3610.00,2496.00,2478.00,249.00,3.90,2229.00,0.00,0.00,42.00,116700.00,2229.00,1196.00,1033.00,2229.00,462.00,188.00,30.00,66.00,68.00,51.00,471.00
1400000US36029009302,36029009302,1131.00,991.00,20.00,74.00,1131.00,47.00,64.00,132.00,112.00,111.00,158.00,237.00,169.00,61.00,40.00,61321.00,1735.00,1424.00,1200.00,69.00,0.00,1131.00,0.00,0.00,40.00,114800.00,1131.00,884.00,247.00,1131.00,65.00,31.00,35.00,53.00,12.00,30.00,54.00
1400000US36029009401,36029009401,2291.00,2122.00,33.00,134.00,2291.00,156.00,127.00,161.00,91.00,187.00,352.00,300.00,510.00,241.00,166.00,78919.00,3659.00,2775.00,2383.00,92.00,0.00,2291.00,0.00,0.00,54.00,155700.00,2291.00,1786.00,505.00,2291.00,85.00,51.00,56.00,71.00,31.00,19.00,242.00
1400000US36029009402,36029009402,1926.00,1757.00,15.00,10.00,1926.00,79.00,94.00,125.00,95.00,108.00,289.00,302.00,496.00,193.00,145.00,87407.00,2449.00,2156.00,1982.00,56.00,0.00,1926.00,0.00,0.00,17.00,181000.00,1926.00,1619.00,307.00,1926.00,54.00,64.00,91.00,16.00,31.00,49.00,46.00
1400000US36029009501,36029009501,2215.00,2106.00,3.00,0.00,2215.00,76.00,0.00,36.00,79.00,156.00,355.00,482.00,470.00,304.00,257.00,93542.00,3083.00,2504.00,2215.00,0.00,0.00,2215.00,0.00,0.00,18.00,176700.00,2215.00,2024.00,191.00,2215.00,0.00,29.00,89.00,0.00,0.00,0.00,0.00
1400000US36029009502,36029009502,2771.00,2436.00,14.00,50.00,2771.00,129.00,45.00,167.00,274.00,355.00,696.00,250.00,522.00,182.00,151.00,66353.00,3903.00,3262.00,3028.00,257.00,6.50,2771.00,0.00,0.00,64.00,149700.00,2771.00,2053.00,718.00,2771.00,154.00,189.00,62.00,150.00,28.00,70.00,178.00
1400000US36029009600,36029009600,3205.00,2568.00,68.00,128.00,3205.00,202.00,205.00,316.00,293.00,334.00,591.00,337.00,492.00,102.00,333.00,62467.00,3321.00,2864.00,3347.00,142.00,2.30,3205.00,71.00,236.00,109.00,202800.00,3205.00,1453.00,1752.00,3205.00,485.00,270.00,81.00,142.00,267.00,226.00,655.00
1400000US36029009701,36029009701,1267.00,1130.00,10.00,8.00,1267.00,24.00,24.00,102.00,99.00,260.00,273.00,260.00,202.00,16.00,7.00,58531.00,1772.00,1416.00,1440.00,173.00,11.70,1267.00,8.00,8.00,23.00,117400.00,1267.00,966.00,301.00,1267.00,47.00,62.00,50.00,40.00,50.00,41.00,58.00
1400000US36029009702,36029009702,1949.00,1646.00,37.00,30.00,1949.00,90.00,69.00,262.00,219.00,222.00,447.00,308.00,222.00,60.00,50.00,55733.00,2706.00,2163.00,1992.00,43.00,0.00,1949.00,0.00,0.00,18.00,108500.00,1949.00,1619.00,330.00,1949.00,148.00,69.00,31.00,0.00,24.00,38.00,149.00
1400000US36029009800,36029009800,768.00,604.00,6.00,12.00,768.00,5.00,33.00,80.00,119.00,140.00,159.00,138.00,72.00,15.00,7.00,50417.00,1086.00,860.00,787.00,19.00,0.00,768.00,6.00,12.00,23.00,113100.00,768.00,485.00,283.00,768.00,41.00,64.00,25.00,65.00,25.00,6.00,91.00
1400000US36029009900,36029009900,1622.00,1269.00,6.00,52.00,1622.00,60.00,127.00,201.00,245.00,273.00,329.00,242.00,68.00,49.00,28.00,45644.00,2334.00,1762.00,1705.00,83.00,0.00,1622.00,0.00,22.00,52.00,74900.00,1622.00,1078.00,544.00,1622.00,204.00,148.00,53.00,60.00,42.00,0.00,185.00
1400000US36029010001,36029010001,1288.00,1101.00,15.00,17.00,1288.00,46.00,99.00,84.00,200.00,208.00,248.00,176.00,173.00,50.00,4.00,50530.00,1862.00,1470.00,1314.00,26.00,0.00,1288.00,10.00,10.00,49.00,97300.00,1288.00,1044.00,244.00,1288.00,97.00,0.00,27.00,0.00,54.00,8.00,91.00
1400000US36029010002,36029010002,2200.00,1583.00,1.00,17.00,2200.00,111.00,94.00,310.00,345.00,312.00,542.00,212.00,208.00,29.00,37.00,46215.00,2389.00,1847.00,2286.00,86.00,13.70,2200.00,0.00,0.00,17.00,99200.00,2200.00,1660.00,540.00,2200.00,164.00,87.00,34.00,95.00,119.00,71.00,134.00
1400000US36029010003,36029010003,1642.00,1466.00,74.00,53.00,1642.00,66.00,37.00,181.00,224.00,269.00,389.00,173.00,262.00,41.00,0.00,52245.00,2276.00,1674.00,1767.00,125.00,0.00,1642.00,0.00,10.00,8.00,107800.00,1642.00,1130.00,512.00,1642.00,188.00,51.00,117.00,74.00,65.00,41.00,153.00
1400000US36029010101,36029010101,2020.00,1715.00,16.00,0.00,2020.00,136.00,64.00,207.00,168.00,204.00,485.00,419.00,270.00,42.00,25.00,62400.00,2857.00,2286.00,2112.00,92.00,0.00,2020.00,14.00,14.00,14.00,103700.00,2020.00,1727.00,293.00,2020.00,122.00,48.00,11.00,0.00,0.00,11.00,139.00
1400000US36029010102,36029010102,1830.00,1401.00,40.00,11.00,1830.00,229.00,179.00,254.00,297.00,379.00,261.00,163.00,63.00,5.00,0.00,33854.00,2522.00,1860.00,1974.00,144.00,5.80,1830.00,0.00,23.00,58.00,92500.00,1830.00,643.00,1187.00,1830.00,336.00,185.00,105.00,154.00,46.00,100.00,485.00
1400000US36029010103,36029010103,1751.00,1461.00,14.00,10.00,1751.00,89.00,107.00,126.00,162.00,280.00,402.00,277.00,225.00,74.00,9.00,54942.00,2738.00,2158.00,1820.00,69.00,0.00,1751.00,0.00,0.00,52.00,96700.00,1751.00,1277.00,474.00,1751.00,140.00,73.00,112.00,30.00,62.00,0.00,129.00
1400000US36029010201,36029010201,1282.00,1154.00,33.00,38.00,1282.00,54.00,79.00,70.00,32.00,142.00,387.00,171.00,225.00,98.00,24.00,62324.00,1925.00,1654.00,1307.00,25.00,0.00,1282.00,0.00,0.00,19.00,103700.00,1282.00,1001.00,281.00,1282.00,103.00,78.00,37.00,61.00,22.00,22.00,61.00
1400000US36029010202,36029010202,1284.00,1003.00,175.00,62.00,1284.00,161.00,132.00,78.00,214.00,182.00,252.00,163.00,35.00,52.00,15.00,40938.00,2301.00,1540.00,1526.00,242.00,11.30,1284.00,0.00,0.00,22.00,72000.00,1284.00,883.00,401.00,1284.00,231.00,35.00,17.00,50.00,35.00,25.00,209.00
1400000US36029010300,36029010300,533.00,379.00,40.00,18.00,533.00,85.00,36.00,50.00,93.00,83.00,66.00,50.00,44.00,7.00,19.00,35284.00,794.00,613.00,628.00,95.00,6.10,533.00,0.00,0.00,0.00,83900.00,533.00,287.00,246.00,533.00,108.00,0.00,0.00,57.00,16.00,12.00,130.00
1400000US36029010400,36029010400,869.00,775.00,38.00,4.00,869.00,79.00,123.00,114.00,88.00,127.00,158.00,70.00,55.00,25.00,30.00,36495.00,1346.00,965.00,1092.00,223.00,9.00,869.00,0.00,0.00,5.00,73100.00,869.00,466.00,403.00,869.00,91.00,54.00,12.00,45.00,42.00,15.00,213.00
1400000US36029010500,36029010500,1077.00,928.00,53.00,3.00,1077.00,72.00,46.00,226.00,141.00,202.00,178.00,93.00,95.00,0.00,24.00,45515.00,1487.00,1205.00,1148.00,71.00,0.00,1077.00,0.00,0.00,0.00,81900.00,1077.00,756.00,321.00,1077.00,142.00,52.00,0.00,65.00,17.00,23.00,164.00
1400000US36029010600,36029010600,1157.00,978.00,9.00,0.00,1157.00,51.00,84.00,137.00,144.00,217.00,269.00,84.00,116.00,49.00,6.00,44171.00,1606.00,1224.00,1239.00,82.00,0.00,1157.00,21.00,20.00,55.00,95200.00,1157.00,722.00,435.00,1157.00,56.00,87.00,23.00,93.00,20.00,36.00,128.00
1400000US36029010700,36029010700,1061.00,761.00,9.00,0.00,1061.00,49.00,53.00,141.00,147.00,187.00,220.00,104.00,127.00,22.00,11.00,46050.00,1405.00,988.00,1288.00,227.00,9.50,1061.00,6.00,6.00,14.00,94800.00,1061.00,822.00,239.00,1061.00,77.00,27.00,47.00,22.00,7.00,0.00,106.00
1400000US36029010803,36029010803,877.00,677.00,0.00,25.00,877.00,43.00,5.00,135.00,65.00,135.00,207.00,111.00,171.00,5.00,0.00,58828.00,1033.00,841.00,904.00,27.00,0.00,877.00,0.00,0.00,5.00,123800.00,877.00,661.00,216.00,877.00,45.00,65.00,4.00,29.00,17.00,16.00,65.00
1400000US36029010804,36029010804,1815.00,1548.00,0.00,7.00,1815.00,101.00,55.00,252.00,202.00,255.00,282.00,181.00,270.00,170.00,47.00,57861.00,2403.00,1864.00,1909.00,94.00,5.20,1815.00,0.00,8.00,19.00,154300.00,1815.00,1327.00,488.00,1815.00,189.00,67.00,61.00,81.00,59.00,0.00,203.00
1400000US36029010805,36029010805,2144.00,1749.00,0.00,0.00,2144.00,62.00,34.00,174.00,139.00,253.00,548.00,327.00,457.00,65.00,85.00,66990.00,3161.00,2569.00,2144.00,0.00,0.00,2144.00,0.00,0.00,52.00,132400.00,2144.00,1839.00,305.00,2144.00,75.00,71.00,51.00,0.00,33.00,0.00,90.00
1400000US36029010807,36029010807,2368.00,1920.00,0.00,58.00,2368.00,194.00,146.00,228.00,198.00,419.00,499.00,316.00,337.00,31.00,0.00,49821.00,2940.00,2347.00,2515.00,147.00,9.40,2368.00,0.00,0.00,30.00,127200.00,2368.00,1445.00,923.00,2368.00,193.00,32.00,61.00,193.00,207.00,0.00,395.00
1400000US36029010808,36029010808,1810.00,1425.00,31.00,37.00,1810.00,131.00,78.00,132.00,230.00,353.00,328.00,298.00,224.00,9.00,27.00,48468.00,2508.00,1920.00,1913.00,103.00,4.40,1810.00,19.00,65.00,40.00,120000.00,1810.00,797.00,1013.00,1810.00,318.00,116.00,177.00,147.00,92.00,118.00,305.00
1400000US36029010809,36029010809,1300.00,1118.00,7.00,0.00,1300.00,15.00,37.00,101.00,87.00,109.00,220.00,260.00,291.00,146.00,34.00,84659.00,2097.00,1759.00,1358.00,58.00,0.00,1300.00,0.00,0.00,22.00,140300.00,1300.00,1202.00,98.00,1300.00,64.00,7.00,7.00,31.00,14.00,0.00,30.00
1400000US36029010901,36029010901,1116.00,960.00,18.00,10.00,1116.00,10.00,90.00,63.00,177.00,214.00,204.00,192.00,138.00,21.00,7.00,50476.00,1473.00,1228.00,1161.00,45.00,0.00,1116.00,0.00,0.00,19.00,93600.00,1116.00,1014.00,102.00,1116.00,88.00,23.00,35.00,9.00,0.00,35.00,0.00
1400000US36029010902,36029010902,2451.00,1871.00,17.00,0.00,2451.00,124.00,250.00,303.00,330.00,388.00,463.00,405.00,130.00,58.00,0.00,42766.00,2790.00,2107.00,2578.00,127.00,3.10,2451.00,0.00,32.00,32.00,114200.00,2451.00,1253.00,1198.00,2451.00,357.00,226.00,83.00,83.00,108.00,81.00,571.00
1400000US36029011000,36029011000,788.00,644.00,12.00,17.00,788.00,30.00,17.00,66.00,171.00,125.00,229.00,77.00,63.00,0.00,10.00,49219.00,1152.00,803.00,886.00,98.00,15.40,788.00,7.00,0.00,13.00,86200.00,788.00,585.00,203.00,788.00,55.00,29.00,66.00,9.00,24.00,5.00,61.00
1400000US36029011100,36029011100,909.00,694.00,12.00,3.00,909.00,49.00,24.00,137.00,62.00,113.00,230.00,192.00,69.00,14.00,19.00,54965.00,1324.00,1030.00,1011.00,102.00,0.00,909.00,0.00,31.00,27.00,83100.00,909.00,818.00,91.00,909.00,94.00,32.00,11.00,5.00,0.00,0.00,32.00
1400000US36029011200,36029011200,3154.00,2545.00,30.00,28.00,3154.00,54.00,172.00,318.00,249.00,395.00,732.00,559.00,421.00,179.00,75.00,64832.00,4071.00,3172.00,3272.00,118.00,0.00,3154.00,0.00,54.00,93.00,169600.00,3154.00,2399.00,755.00,3154.00,271.00,177.00,175.00,53.00,58.00,16.00,221.00
1400000US36029011300,36029011300,2190.00,1813.00,19.00,27.00,2190.00,144.00,129.00,179.00,250.00,280.00,532.00,375.00,243.00,58.00,0.00,53495.00,2857.00,2124.00,2395.00,205.00,0.00,2190.00,0.00,0.00,39.00,106600.00,2190.00,1608.00,582.00,2190.00,306.00,75.00,38.00,34.00,69.00,70.00,263.00
1400000US36029011400,36029011400,941.00,770.00,40.00,21.00,941.00,47.00,11.00,185.00,149.00,176.00,146.00,107.00,75.00,35.00,10.00,42639.00,1483.00,1137.00,1049.00,108.00,4.60,941.00,6.00,21.00,51.00,95100.00,941.00,551.00,390.00,941.00,143.00,65.00,58.00,49.00,52.00,8.00,146.00
1400000US36029011500,36029011500,611.00,525.00,18.00,11.00,611.00,65.00,0.00,46.00,65.00,149.00,107.00,95.00,53.00,13.00,18.00,46417.00,953.00,721.00,679.00,68.00,0.00,611.00,0.00,29.00,23.00,88600.00,611.00,498.00,113.00,611.00,28.00,39.00,0.00,13.00,10.00,0.00,51.00
1400000US36029011600,36029011600,1029.00,921.00,9.00,0.00,1029.00,20.00,24.00,100.00,83.00,168.00,325.00,188.00,115.00,6.00,0.00,60179.00,1367.00,1157.00,1133.00,104.00,12.30,1029.00,0.00,7.00,36.00,113900.00,1029.00,588.00,441.00,1029.00,39.00,165.00,88.00,42.00,23.00,43.00,80.00
1400000US36029011700,36029011700,1893.00,1529.00,24.00,48.00,1893.00,102.00,105.00,248.00,150.00,278.00,414.00,339.00,138.00,99.00,20.00,52301.00,2415.00,2012.00,1997.00,104.00,0.00,1893.00,0.00,17.00,18.00,127500.00,1893.00,1160.00,733.00,1893.00,234.00,135.00,163.00,73.00,43.00,21.00,256.00
1400000US36029011800,36029011800,1548.00,1242.00,0.00,9.00,1548.00,35.00,18.00,173.00,213.00,219.00,287.00,219.00,260.00,98.00,26.00,54464.00,2241.00,1817.00,1674.00,126.00,0.00,1548.00,0.00,9.00,0.00,141600.00,1548.00,1171.00,377.00,1548.00,23.00,62.00,28.00,79.00,39.00,33.00,108.00
1400000US36029012001,36029012001,1854.00,1582.00,27.00,70.00,1854.00,69.00,44.00,139.00,187.00,179.00,302.00,267.00,510.00,125.00,32.00,75500.00,2808.00,2396.00,1927.00,73.00,6.20,1854.00,0.00,0.00,21.00,137500.00,1854.00,1519.00,335.00,1854.00,76.00,73.00,87.00,29.00,21.00,0.00,125.00
1400000US36029012002,36029012002,1416.00,1215.00,0.00,49.00,1416.00,75.00,0.00,132.00,55.00,245.00,289.00,167.00,328.00,39.00,86.00,66026.00,1900.00,1668.00,1522.00,106.00,0.00,1416.00,0.00,36.00,8.00,154300.00,1416.00,1178.00,238.00,1416.00,48.00,32.00,16.00,35.00,23.00,0.00,132.00
1400000US36029012003,36029012003,2107.00,1804.00,13.00,10.00,2107.00,79.00,35.00,163.00,141.00,175.00,518.00,368.00,372.00,177.00,79.00,73487.00,2899.00,2251.00,2132.00,25.00,0.00,2107.00,23.00,23.00,11.00,156700.00,2107.00,1949.00,158.00,2107.00,87.00,38.00,18.00,8.00,46.00,0.00,48.00
1400000US36029012300,36029012300,1309.00,980.00,60.00,27.00,1309.00,165.00,123.00,149.00,213.00,287.00,250.00,56.00,59.00,0.00,7.00,35433.00,1764.00,1153.00,1656.00,347.00,3.20,1309.00,10.00,7.00,18.00,64300.00,1309.00,636.00,673.00,1309.00,424.00,57.00,101.00,88.00,110.00,75.00,203.00
1400000US36029012400,36029012400,932.00,660.00,43.00,34.00,932.00,80.00,105.00,251.00,144.00,125.00,125.00,76.00,26.00,0.00,0.00,26442.00,1298.00,817.00,1205.00,273.00,6.20,932.00,0.00,5.00,43.00,71000.00,932.00,585.00,347.00,932.00,232.00,7.00,6.00,73.00,6.00,55.00,176.00
1400000US36029012501,36029012501,2048.00,1627.00,37.00,18.00,2048.00,222.00,67.00,341.00,366.00,292.00,287.00,272.00,145.00,56.00,0.00,35875.00,3038.00,2112.00,2312.00,264.00,6.60,2048.00,0.00,30.00,82.00,112700.00,2048.00,933.00,1115.00,2048.00,357.00,210.00,119.00,150.00,94.00,77.00,415.00
1400000US36029012502,36029012502,836.00,646.00,21.00,9.00,836.00,14.00,52.00,84.00,91.00,133.00,269.00,69.00,106.00,11.00,7.00,55833.00,1129.00,857.00,852.00,16.00,0.00,836.00,0.00,0.00,14.00,110800.00,836.00,596.00,240.00,836.00,69.00,95.00,26.00,0.00,27.00,8.00,73.00
1400000US36029012800,36029012800,1179.00,921.00,9.00,48.00,1179.00,68.00,69.00,191.00,177.00,131.00,209.00,209.00,90.00,28.00,7.00,43472.00,1725.00,1312.00,1304.00,125.00,2.50,1179.00,0.00,6.00,6.00,94000.00,1179.00,649.00,530.00,1179.00,87.00,68.00,52.00,85.00,60.00,18.00,211.00
1400000US36029012901,36029012901,3130.00,2704.00,40.00,54.00,3130.00,198.00,174.00,405.00,226.00,479.00,638.00,499.00,348.00,101.00,62.00,52413.00,4401.00,3474.00,3277.00,147.00,3.40,3130.00,12.00,25.00,62.00,137200.00,3130.00,1784.00,1346.00,3130.00,201.00,282.00,124.00,196.00,125.00,30.00,564.00
1400000US36029012902,36029012902,1651.00,1322.00,0.00,13.00,1651.00,105.00,154.00,152.00,92.00,134.00,297.00,246.00,330.00,85.00,56.00,62765.00,2043.00,1627.00,1778.00,127.00,9.10,1651.00,0.00,0.00,20.00,177200.00,1651.00,1028.00,623.00,1651.00,161.00,114.00,76.00,60.00,89.00,104.00,135.00
1400000US36029013001,36029013001,1444.00,1239.00,44.00,10.00,1444.00,50.00,138.00,240.00,59.00,218.00,277.00,181.00,245.00,26.00,10.00,52237.00,1956.00,1533.00,1514.00,70.00,0.00,1444.00,0.00,0.00,8.00,112700.00,1444.00,979.00,465.00,1444.00,119.00,83.00,110.00,90.00,26.00,10.00,117.00
1400000US36029013002,36029013002,2481.00,2044.00,54.00,27.00,2481.00,51.00,68.00,415.00,339.00,345.00,444.00,310.00,385.00,90.00,34.00,51372.00,3213.00,2431.00,2537.00,56.00,0.00,2481.00,57.00,0.00,59.00,133000.00,2481.00,2007.00,474.00,2481.00,111.00,17.00,14.00,0.00,14.00,24.00,330.00
1400000US36029013101,36029013101,2846.00,2582.00,39.00,0.00,2846.00,70.00,73.00,140.00,236.00,469.00,499.00,408.00,646.00,214.00,91.00,72612.00,4020.00,3426.00,2940.00,94.00,6.00,2846.00,39.00,39.00,47.00,146700.00,2846.00,2310.00,536.00,2846.00,93.00,60.00,77.00,142.00,161.00,22.00,74.00
1400000US36029013102,36029013102,2982.00,2732.00,38.00,0.00,2982.00,39.00,124.00,30.00,130.00,403.00,465.00,609.00,653.00,338.00,191.00,87738.00,4934.00,3949.00,3228.00,246.00,38.20,2982.00,7.00,25.00,26.00,192500.00,2982.00,2914.00,68.00,2982.00,86.00,14.00,0.00,40.00,0.00,0.00,0.00
1400000US36029013201,36029013201,2486.00,2256.00,32.00,107.00,2486.00,63.00,92.00,170.00,202.00,392.00,610.00,403.00,285.00,177.00,92.00,61759.00,3879.00,3065.00,2561.00,75.00,0.00,2486.00,0.00,11.00,57.00,156400.00,2486.00,1804.00,682.00,2486.00,130.00,37.00,154.00,226.00,45.00,40.00,180.00
1400000US36029013202,36029013202,1923.00,1718.00,20.00,63.00,1923.00,88.00,30.00,134.00,180.00,135.00,263.00,319.00,351.00,281.00,142.00,88494.00,2993.00,2505.00,2052.00,129.00,0.00,1923.00,0.00,0.00,19.00,198400.00,1923.00,1592.00,331.00,1923.00,77.00,37.00,9.00,60.00,29.00,45.00,118.00
1400000US36029013300,36029013300,1442.00,1297.00,48.00,35.00,1442.00,17.00,76.00,115.00,111.00,133.00,193.00,277.00,340.00,102.00,78.00,81389.00,2046.00,1781.00,1543.00,101.00,0.00,1442.00,0.00,7.00,10.00,147800.00,1442.00,1123.00,319.00,1442.00,148.00,21.00,62.00,14.00,35.00,25.00,143.00
1400000US36029013400,36029013400,2712.00,2425.00,0.00,106.00,2712.00,68.00,20.00,213.00,250.00,334.00,481.00,444.00,506.00,275.00,121.00,74627.00,3685.00,3052.00,2780.00,68.00,0.00,2712.00,0.00,0.00,46.00,169900.00,2712.00,1930.00,782.00,2712.00,133.00,227.00,52.00,128.00,85.00,66.00,210.00
1400000US36029013501,36029013501,2779.00,2437.00,15.00,37.00,2779.00,32.00,19.00,399.00,164.00,278.00,287.00,456.00,680.00,269.00,195.00,89761.00,3778.00,3125.00,2944.00,165.00,9.00,2779.00,39.00,57.00,40.00,205600.00,2779.00,2243.00,536.00,2779.00,180.00,79.00,31.00,40.00,95.00,32.00,221.00
1400000US36029013502,36029013502,2421.00,2256.00,16.00,17.00,2421.00,26.00,41.00,106.00,72.00,161.00,180.00,286.00,512.00,369.00,668.00,132019.00,3992.00,3307.00,2431.00,10.00,0.00,2421.00,17.00,0.00,0.00,296000.00,2421.00,2294.00,127.00,2421.00,10.00,11.00,0.00,0.00,11.00,0.00,60.00
1400000US36029013600,36029013600,1170.00,1125.00,0.00,62.00,1170.00,34.00,9.00,49.00,62.00,171.00,157.00,202.00,278.00,102.00,106.00,88676.00,1514.00,1207.00,1288.00,118.00,11.90,1170.00,0.00,0.00,8.00,220200.00,1170.00,801.00,369.00,1170.00,49.00,86.00,52.00,69.00,40.00,25.00,80.00
1400000US36029013701,36029013701,2717.00,2477.00,10.00,35.00,2717.00,122.00,60.00,93.00,416.00,334.00,501.00,402.00,516.00,200.00,73.00,66950.00,3907.00,3323.00,2885.00,168.00,0.00,2717.00,12.00,12.00,41.00,156100.00,2717.00,1956.00,761.00,2717.00,105.00,196.00,158.00,64.00,25.00,72.00,233.00
1400000US36029013702,36029013702,2382.00,2143.00,18.00,18.00,2382.00,43.00,98.00,190.00,137.00,264.00,360.00,292.00,448.00,205.00,345.00,84894.00,3413.00,2887.00,2602.00,220.00,15.50,2382.00,0.00,0.00,60.00,236200.00,2382.00,1530.00,852.00,2382.00,236.00,160.00,188.00,78.00,69.00,154.00,203.00
1400000US36029013800,36029013800,3058.00,2766.00,52.00,62.00,3058.00,150.00,84.00,206.00,150.00,178.00,591.00,405.00,852.00,241.00,201.00,86630.00,4906.00,3971.00,3134.00,76.00,0.00,3058.00,0.00,0.00,18.00,221100.00,3058.00,2574.00,484.00,3058.00,111.00,102.00,101.00,105.00,59.00,17.00,71.00
1400000US36029013900,36029013900,893.00,847.00,5.00,58.00,893.00,33.00,42.00,30.00,89.00,88.00,144.00,161.00,176.00,61.00,69.00,75854.00,1249.00,981.00,983.00,90.00,0.00,893.00,0.00,0.00,7.00,194400.00,893.00,711.00,182.00,893.00,26.00,56.00,37.00,28.00,15.00,5.00,22.00
1400000US36029014000,36029014000,1500.00,1394.00,0.00,59.00,1500.00,49.00,55.00,82.00,97.00,228.00,333.00,240.00,224.00,130.00,62.00,69500.00,2032.00,1711.00,1637.00,137.00,10.40,1500.00,0.00,0.00,66.00,179200.00,1500.00,1112.00,388.00,1500.00,75.00,114.00,67.00,56.00,26.00,5.00,88.00
1400000US36029014101,36029014101,2551.00,2390.00,0.00,0.00,2551.00,41.00,83.00,153.00,145.00,278.00,452.00,356.00,597.00,347.00,99.00,85625.00,3696.00,3029.00,2771.00,220.00,0.00,2551.00,0.00,0.00,0.00,230300.00,2551.00,2350.00,201.00,2551.00,135.00,40.00,50.00,0.00,15.00,0.00,49.00
1400000US36029014102,36029014102,2368.00,2030.00,0.00,59.00,2368.00,44.00,178.00,120.00,260.00,332.00,334.00,304.00,457.00,81.00,258.00,66800.00,3334.00,2617.00,2432.00,64.00,0.00,2368.00,49.00,49.00,49.00,226900.00,2368.00,1895.00,473.00,2368.00,30.00,77.00,18.00,33.00,0.00,51.00,267.00
1400000US36029014204,36029014204,1875.00,1480.00,0.00,19.00,1875.00,61.00,110.00,221.00,144.00,311.00,339.00,159.00,376.00,94.00,60.00,57321.00,2400.00,1835.00,1947.00,72.00,0.00,1875.00,0.00,37.00,18.00,203000.00,1875.00,1334.00,541.00,1875.00,223.00,10.00,51.00,55.00,71.00,27.00,291.00
1400000US36029014206,36029014206,2521.00,2398.00,0.00,0.00,2521.00,0.00,8.00,45.00,156.00,108.00,427.00,429.00,656.00,396.00,296.00,102378.00,4328.00,3806.00,2574.00,53.00,0.00,2521.00,0.00,0.00,29.00,249800.00,2521.00,2482.00,39.00,2521.00,63.00,0.00,0.00,19.00,2.00,0.00,0.00
1400000US36029014207,36029014207,2434.00,2190.00,2.00,13.00,2434.00,63.00,110.00,154.00,232.00,190.00,432.00,413.00,519.00,203.00,118.00,76385.00,3568.00,2990.00,2446.00,12.00,0.00,2434.00,14.00,28.00,59.00,200200.00,2434.00,1638.00,796.00,2434.00,212.00,136.00,125.00,137.00,58.00,29.00,311.00
1400000US36029014208,36029014208,2199.00,1991.00,83.00,0.00,2199.00,127.00,20.00,82.00,135.00,187.00,289.00,308.00,507.00,316.00,228.00,91932.00,3452.00,2844.00,2262.00,63.00,0.00,2199.00,0.00,0.00,20.00,248500.00,2199.00,1973.00,226.00,2199.00,65.00,48.00,35.00,21.00,0.00,4.00,118.00
1400000US36029014209,36029014209,1534.00,1347.00,8.00,28.00,1534.00,69.00,25.00,77.00,119.00,140.00,288.00,226.00,353.00,152.00,85.00,82100.00,2335.00,1899.00,1597.00,63.00,0.00,1534.00,0.00,0.00,8.00,186000.00,1534.00,1336.00,198.00,1534.00,16.00,58.00,44.00,7.00,0.00,0.00,83.00
1400000US36029014300,36029014300,2608.00,2306.00,34.00,12.00,2608.00,37.00,33.00,386.00,331.00,346.00,429.00,334.00,590.00,95.00,27.00,56625.00,3670.00,2980.00,2705.00,97.00,0.00,2608.00,0.00,0.00,44.00,131900.00,2608.00,2130.00,478.00,2608.00,132.00,19.00,102.00,54.00,0.00,68.00,219.00
1400000US36029014400,36029014400,1913.00,1613.00,0.00,0.00,1913.00,121.00,98.00,208.00,182.00,435.00,364.00,180.00,241.00,60.00,24.00,44398.00,2561.00,2034.00,2127.00,214.00,0.00,1913.00,45.00,45.00,20.00,113400.00,1913.00,1103.00,810.00,1913.00,149.00,165.00,75.00,163.00,90.00,112.00,196.00
1400000US36029014501,36029014501,1549.00,1379.00,0.00,8.00,1549.00,34.00,28.00,175.00,179.00,193.00,358.00,309.00,255.00,18.00,0.00,64771.00,2284.00,1845.00,1580.00,31.00,0.00,1549.00,0.00,0.00,24.00,128900.00,1549.00,1255.00,294.00,1549.00,37.00,80.00,41.00,0.00,30.00,26.00,117.00
1400000US36029014502,36029014502,1089.00,910.00,0.00,0.00,1089.00,58.00,75.00,156.00,153.00,169.00,247.00,69.00,109.00,29.00,24.00,45375.00,1707.00,1346.00,1252.00,163.00,8.20,1089.00,0.00,0.00,38.00,104700.00,1089.00,399.00,690.00,1089.00,78.00,155.00,62.00,168.00,75.00,30.00,200.00
1400000US36029014601,36029014601,2196.00,1984.00,0.00,19.00,2196.00,58.00,91.00,171.00,214.00,160.00,306.00,424.00,461.00,114.00,197.00,80610.00,3279.00,2651.00,2208.00,12.00,2.10,2196.00,0.00,0.00,54.00,192600.00,2196.00,1627.00,569.00,2196.00,70.00,221.00,64.00,27.00,82.00,117.00,58.00
1400000US36029014603,36029014603,1612.00,1531.00,8.00,16.00,1612.00,17.00,19.00,38.00,77.00,96.00,201.00,239.00,361.00,241.00,323.00,122833.00,2457.00,1947.00,1720.00,108.00,0.00,1612.00,0.00,0.00,29.00,298800.00,1612.00,1492.00,120.00,1612.00,30.00,0.00,0.00,55.00,33.00,0.00,9.00
1400000US36029014604,36029014604,2941.00,2638.00,13.00,0.00,2941.00,113.00,21.00,58.00,197.00,203.00,295.00,467.00,567.00,392.00,628.00,111483.00,4472.00,3517.00,3047.00,106.00,0.00,2941.00,0.00,231.00,21.00,367000.00,2941.00,2452.00,489.00,2941.00,284.00,14.00,14.00,42.00,60.00,85.00,274.00
1400000US36029014701,36029014701,2011.00,1729.00,33.00,34.00,2011.00,18.00,25.00,62.00,96.00,164.00,302.00,397.00,526.00,224.00,197.00,96503.00,3437.00,2914.00,2096.00,85.00,0.00,2011.00,0.00,0.00,0.00,244000.00,2011.00,1851.00,160.00,2011.00,70.00,33.00,55.00,15.00,0.00,8.00,49.00
1400000US36029014702,36029014702,3157.00,2835.00,15.00,31.00,3157.00,58.00,122.00,316.00,197.00,158.00,529.00,343.00,710.00,335.00,389.00,88151.00,4633.00,3440.00,3379.00,222.00,0.00,3157.00,0.00,0.00,32.00,254400.00,3157.00,2673.00,484.00,3157.00,195.00,29.00,76.00,43.00,56.00,26.00,193.00
1400000US36029014801,36029014801,1102.00,887.00,27.00,84.00,1102.00,38.00,86.00,140.00,114.00,143.00,311.00,84.00,86.00,82.00,18.00,50852.00,1382.00,1079.00,1130.00,28.00,0.00,1102.00,0.00,18.00,7.00,119500.00,1102.00,648.00,454.00,1102.00,69.00,111.00,54.00,21.00,55.00,31.00,138.00
1400000US36029014803,36029014803,2671.00,2203.00,22.00,112.00,2671.00,135.00,72.00,156.00,313.00,319.00,527.00,465.00,403.00,156.00,125.00,66148.00,3852.00,3106.00,2854.00,183.00,0.00,2671.00,0.00,14.00,41.00,137800.00,2671.00,2281.00,390.00,2671.00,93.00,84.00,46.00,82.00,69.00,18.00,61.00
1400000US36029014901,36029014901,1190.00,981.00,0.00,40.00,1190.00,107.00,55.00,102.00,135.00,120.00,262.00,153.00,178.00,58.00,20.00,53558.00,1638.00,1312.00,1246.00,56.00,0.00,1190.00,0.00,19.00,23.00,136800.00,1190.00,803.00,387.00,1190.00,111.00,64.00,42.00,43.00,20.00,20.00,151.00
1400000US36029014903,36029014903,2013.00,1820.00,0.00,0.00,2013.00,67.00,12.00,51.00,116.00,266.00,442.00,443.00,491.00,72.00,53.00,77708.00,3352.00,2701.00,2142.00,129.00,0.00,2013.00,27.00,27.00,41.00,180200.00,2013.00,1767.00,246.00,2013.00,53.00,95.00,14.00,38.00,35.00,0.00,42.00
1400000US36029014904,36029014904,0.00,0.00,0.00,0.00,0.00,0.00,0.00,0.00,0.00,0.00,0.00,0.00,0.00,0.00,0.00,0.00,0.00,0.00,0.00,0.00,0.00,0.00,0.00,0.00,0.00,0.00,0.00,0.00,0.00,0.00,0.00,0.00,0.00,0.00,0.00,0.00,0.00
1400000US36029015001,36029015001,2138.00,1884.00,0.00,16.00,2138.00,46.00,14.00,100.00,176.00,241.00,461.00,375.00,514.00,122.00,89.00,80057.00,3089.00,2616.00,2265.00,127.00,23.70,2138.00,0.00,15.00,46.00,197000.00,2138.00,2009.00,129.00,2138.00,45.00,44.00,55.00,0.00,0.00,0.00,16.00
1400000US36029015002,36029015002,1177.00,1012.00,6.00,39.00,1177.00,82.00,7.00,75.00,100.00,88.00,240.00,107.00,301.00,124.00,53.00,72150.00,1878.00,1609.00,1303.00,126.00,0.00,1177.00,0.00,0.00,0.00,175600.00,1177.00,1078.00,99.00,1177.00,16.00,25.00,9.00,7.00,15.00,0.00,43.00
1400000US36029015003,36029015003,1467.00,1202.00,1.00,66.00,1467.00,95.00,105.00,99.00,124.00,215.00,275.00,211.00,183.00,127.00,33.00,59271.00,2127.00,1670.00,1567.00,100.00,0.00,1467.00,0.00,0.00,31.00,149400.00,1467.00,1163.00,304.00,1467.00,95.00,83.00,24.00,55.00,33.00,0.00,70.00
1400000US36029015101,36029015101,1339.00,1182.00,0.00,23.00,1339.00,48.00,34.00,128.00,154.00,103.00,278.00,224.00,227.00,76.00,67.00,67052.00,2022.00,1590.00,1481.00,142.00,10.20,1339.00,12.00,0.00,30.00,194300.00,1339.00,1093.00,246.00,1339.00,52.00,66.00,6.00,0.00,29.00,17.00,116.00
1400000US36029015102,36029015102,999.00,826.00,3.00,18.00,999.00,53.00,32.00,65.00,68.00,144.00,182.00,142.00,220.00,73.00,20.00,67313.00,1612.00,1236.00,1092.00,93.00,0.00,999.00,0.00,0.00,20.00,158100.00,999.00,856.00,143.00,999.00,47.00,26.00,19.00,5.00,16.00,4.00,39.00
1400000US36029015201,36029015201,1309.00,1156.00,0.00,0.00,1309.00,56.00,24.00,116.00,93.00,152.00,234.00,204.00,213.00,171.00,46.00,73954.00,2036.00,1590.00,1338.00,29.00,0.00,1309.00,11.00,11.00,10.00,195100.00,1309.00,1224.00,85.00,1309.00,61.00,25.00,8.00,24.00,0.00,8.00,10.00
1400000US36029015202,36029015202,2135.00,1993.00,16.00,17.00,2135.00,36.00,52.00,190.00,121.00,342.00,549.00,278.00,392.00,139.00,36.00,59873.00,2727.00,2172.00,2325.00,190.00,0.00,2135.00,0.00,0.00,18.00,172800.00,2135.00,1655.00,480.00,2135.00,0.00,19.00,61.00,125.00,99.00,16.00,142.00
1400000US36029015301,36029015301,1903.00,1582.00,0.00,55.00,1903.00,61.00,39.00,189.00,95.00,185.00,384.00,270.00,478.00,141.00,61.00,74531.00,3192.00,2512.00,2023.00,120.00,0.00,1903.00,10.00,0.00,30.00,171200.00,1903.00,1642.00,261.00,1903.00,104.00,51.00,42.00,20.00,31.00,35.00,58.00
1400000US36029015302,36029015302,1211.00,980.00,4.00,27.00,1211.00,11.00,10.00,133.00,37.00,265.00,256.00,237.00,187.00,33.00,42.00,60925.00,1752.00,1310.00,1247.00,36.00,0.00,1211.00,98.00,169.00,33.00,164000.00,1211.00,983.00,228.00,1211.00,141.00,33.00,44.00,62.00,10.00,0.00,79.00
1400000US36029015401,36029015401,1087.00,960.00,9.00,46.00,1087.00,44.00,47.00,58.00,132.00,165.00,239.00,168.00,187.00,38.00,9.00,58859.00,1759.00,1341.00,1151.00,64.00,0.00,1087.00,0.00,0.00,27.00,99300.00,1087.00,863.00,224.00,1087.00,68.00,11.00,60.00,46.00,86.00,0.00,21.00
1400000US36029015402,36029015402,2050.00,1801.00,4.00,23.00,2050.00,146.00,111.00,271.00,111.00,240.00,311.00,348.00,324.00,17.00,171.00,64638.00,2970.00,2251.00,2349.00,299.00,0.00,2050.00,0.00,0.00,11.00,144600.00,2050.00,1849.00,201.00,2050.00,48.00,32.00,17.00,0.00,22.00,0.00,130.00
1400000US36029015501,36029015501,815.00,683.00,8.00,33.00,815.00,38.00,26.00,105.00,63.00,140.00,154.00,138.00,112.00,27.00,12.00,56411.00,1210.00,928.00,969.00,154.00,20.30,815.00,0.00,5.00,15.00,113400.00,815.00,560.00,255.00,815.00,52.00,36.00,44.00,33.00,20.00,18.00,62.00
1400000US36029015503,36029015503,1184.00,969.00,0.00,10.00,1184.00,58.00,50.00,149.00,88.00,124.00,267.00,113.00,220.00,69.00,46.00,61071.00,1650.00,1288.00,1391.00,207.00,15.30,1184.00,8.00,0.00,47.00,113800.00,1184.00,957.00,227.00,1184.00,72.00,9.00,8.00,47.00,24.00,32.00,91.00
1400000US36029015504,36029015504,1691.00,1402.00,5.00,11.00,1691.00,117.00,60.00,142.00,169.00,188.00,390.00,263.00,324.00,29.00,9.00,59360.00,2417.00,1840.00,2203.00,512.00,0.00,1691.00,0.00,10.00,10.00,98600.00,1691.00,1503.00,188.00,1691.00,63.00,8.00,32.00,26.00,0.00,0.00,67.00
1400000US36029015600,36029015600,961.00,793.00,0.00,10.00,961.00,89.00,31.00,81.00,160.00,124.00,199.00,96.00,112.00,34.00,35.00,49583.00,1292.00,892.00,1110.00,149.00,0.00,961.00,0.00,6.00,29.00,129200.00,961.00,748.00,213.00,961.00,57.00,25.00,27.00,34.00,1.00,6.00,108.00
1400000US36029015700,36029015700,1293.00,1049.00,14.00,73.00,1293.00,35.00,53.00,140.00,83.00,159.00,340.00,212.00,218.00,43.00,10.00,61854.00,2119.00,1597.00,1373.00,80.00,8.80,1293.00,0.00,6.00,2.00,125700.00,1293.00,1095.00,198.00,1293.00,50.00,33.00,30.00,10.00,32.00,6.00,51.00
1400000US36029015800,36029015800,1765.00,1375.00,0.00,16.00,1765.00,26.00,74.00,121.00,232.00,355.00,399.00,210.00,278.00,64.00,6.00,55820.00,2455.00,1943.00,1959.00,194.00,0.00,1765.00,10.00,10.00,61.00,158700.00,1765.00,1520.00,245.00,1765.00,42.00,37.00,22.00,8.00,62.00,27.00,16.00
1400000US36029015900,36029015900,1844.00,1574.00,0.00,93.00,1844.00,104.00,96.00,213.00,192.00,193.00,419.00,244.00,259.00,57.00,67.00,53250.00,2423.00,1821.00,1978.00,134.00,3.80,1844.00,0.00,9.00,55.00,118400.00,1844.00,1119.00,725.00,1844.00,169.00,180.00,73.00,83.00,63.00,40.00,263.00
1400000US36029016100,36029016100,8.00,8.00,0.00,4.00,8.00,0.00,0.00,0.00,0.00,4.00,0.00,4.00,0.00,0.00,0.00,0.00,35.00,10.00,8.00,0.00,0.00,8.00,0.00,0.00,0.00,0.00,8.00,8.00,0.00,8.00,0.00,0.00,0.00,0.00,0.00,0.00,0.00
1400000US36029016200,36029016200,935.00,715.00,76.00,24.00,935.00,67.00,52.00,169.00,96.00,146.00,186.00,100.00,107.00,12.00,0.00,40774.00,1156.00,922.00,1007.00,72.00,5.30,935.00,0.00,0.00,17.00,92100.00,935.00,634.00,301.00,935.00,198.00,6.00,47.00,66.00,14.00,50.00,100.00
1400000US36029016300,36029016300,906.00,667.00,103.00,10.00,906.00,74.00,176.00,132.00,196.00,145.00,81.00,52.00,50.00,0.00,0.00,26849.00,1398.00,899.00,1190.00,284.00,0.00,906.00,0.00,9.00,28.00,29400.00,906.00,488.00,418.00,906.00,291.00,69.00,38.00,45.00,49.00,25.00,184.00
1400000US36029016400,36029016400,1346.00,897.00,94.00,229.00,1346.00,302.00,182.00,189.00,92.00,257.00,139.00,109.00,46.00,30.00,0.00,25000.00,1823.00,1164.00,1791.00,445.00,0.00,1346.00,0.00,37.00,71.00,43500.00,1346.00,404.00,942.00,1346.00,538.00,205.00,63.00,85.00,68.00,100.00,283.00
1400000US36029016500,36029016500,711.00,665.00,26.00,107.00,711.00,82.00,86.00,18.00,0.00,54.00,129.00,119.00,151.00,43.00,29.00,69632.00,946.00,746.00,926.00,215.00,10.90,711.00,11.00,17.00,28.00,0.00,711.00,57.00,654.00,711.00,93.00,146.00,133.00,93.00,65.00,12.00,180.00
1400000US36029016600,36029016600,1149.00,708.00,79.00,127.00,1149.00,241.00,200.00,119.00,235.00,128.00,62.00,107.00,57.00,0.00,0.00,25684.00,1726.00,914.00,1466.00,317.00,0.00,1149.00,37.00,55.00,19.00,41400.00,1149.00,613.00,536.00,1149.00,469.00,13.00,20.00,36.00,27.00,0.00,364.00
1400000US36029016700,36029016700,1060.00,843.00,58.00,54.00,1060.00,119.00,29.00,186.00,176.00,163.00,201.00,76.00,94.00,9.00,7.00,39318.00,1331.00,963.00,1236.00,176.00,0.00,1060.00,0.00,10.00,18.00,68800.00,1060.00,648.00,412.00,1060.00,299.00,80.00,77.00,31.00,0.00,39.00,156.00
1400000US36029016800,36029016800,1494.00,1078.00,171.00,48.00,1494.00,258.00,210.00,441.00,162.00,114.00,184.00,89.00,36.00,0.00,0.00,21384.00,1809.00,866.00,2332.00,838.00,11.60,1494.00,0.00,10.00,37.00,61500.00,1494.00,557.00,937.00,1494.00,611.00,61.00,77.00,84.00,30.00,19.00,595.00
1400000US36029016900,36029016900,1514.00,1386.00,94.00,110.00,1514.00,166.00,75.00,89.00,196.00,177.00,289.00,263.00,105.00,47.00,107.00,55039.00,2390.00,1727.00,1904.00,390.00,8.10,1514.00,0.00,30.00,52.00,171600.00,1514.00,635.00,879.00,1514.00,154.00,126.00,129.00,69.00,107.00,55.00,314.00
1400000US36029017000,36029017000,1218.00,920.00,152.00,10.00,1218.00,261.00,84.00,206.00,168.00,126.00,178.00,76.00,76.00,36.00,7.00,27458.00,1557.00,846.00,1422.00,204.00,9.80,1218.00,0.00,19.00,10.00,46800.00,1218.00,647.00,571.00,1218.00,433.00,37.00,74.00,17.00,26.00,45.00,311.00
1400000US36029017100,36029017100,1485.00,1230.00,370.00,91.00,1485.00,168.00,230.00,372.00,184.00,239.00,136.00,46.00,75.00,21.00,14.00,24345.00,2630.00,1495.00,1881.00,396.00,2.20,1485.00,0.00,24.00,43.00,69200.00,1485.00,523.00,962.00,1485.00,453.00,79.00,13.00,128.00,128.00,43.00,571.00
1400000US36029017200,36029017200,1053.00,878.00,10.00,37.00,1053.00,104.00,108.00,193.00,64.00,119.00,143.00,168.00,141.00,13.00,0.00,42813.00,1637.00,1097.00,1198.00,145.00,8.00,1053.00,0.00,11.00,55.00,83300.00,1053.00,549.00,504.00,1053.00,195.00,104.00,57.00,15.00,88.00,17.00,183.00
1400000US36029017300,36029017300,2832.00,2472.00,43.00,0.00,2832.00,104.00,181.00,109.00,217.00,260.00,594.00,509.00,545.00,213.00,100.00,73250.00,4296.00,3251.00,2984.00,152.00,0.00,2832.00,0.00,0.00,52.00,156800.00,2832.00,2437.00,395.00,2832.00,114.00,51.00,14.00,32.00,64.00,38.00,177.00
1400000US36029017400,36029017400,1412.00,1085.00,147.00,23.00,1412.00,88.00,267.00,256.00,220.00,239.00,177.00,108.00,31.00,0.00,26.00,30511.00,2250.00,1244.00,1535.00,123.00,0.00,1412.00,23.00,0.00,39.00,62500.00,1412.00,532.00,880.00,1412.00,364.00,117.00,104.00,97.00,140.00,19.00,333.00
1400000US36029017501,36029017501,677.00,469.00,0.00,5.00,677.00,94.00,53.00,78.00,108.00,68.00,124.00,74.00,58.00,2.00,18.00,35625.00,902.00,576.00,718.00,41.00,0.00,677.00,0.00,0.00,13.00,86600.00,677.00,421.00,256.00,677.00,93.00,24.00,0.00,33.00,26.00,43.00,94.00
1400000US36029017502,36029017502,956.00,720.00,2.00,23.00,956.00,21.00,54.00,120.00,102.00,122.00,196.00,140.00,135.00,31.00,35.00,59519.00,1434.00,1042.00,1088.00,132.00,11.00,956.00,0.00,5.00,20.00,119700.00,956.00,827.00,129.00,956.00,38.00,22.00,51.00,0.00,5.00,0.00,27.00
1400000US36029940000,36029940000,785.00,557.00,0.00,22.00,785.00,123.00,78.00,140.00,112.00,120.00,83.00,59.00,39.00,8.00,23.00,30031.00,1111.00,536.00,926.00,141.00,2.60,785.00,13.00,0.00,23.00,87600.00,785.00,598.00,187.00,785.00,113.00,16.00,41.00,17.00,31.00,6.00,15.00
1400000US36029940100,36029940100,1.00,1.00,0.00,0.00,1.00,0.00,0.00,0.00,0.00,0.00,0.00,0.00,1.00,0.00,0.00,0.00,1.00,1.00,1.00,0.00,0.00,1.00,0.00,0.00,0.00,0.00,1.00,1.00,0.00,1.00,0.00,0.00,0.00,0.00,0.00,0.00,0.00
1400000US36029990000,36029990000,0.00,0.00,0.00,0.00,0.00,0.00,0.00,0.00,0.00,0.00,0.00,0.00,0.00,0.00,0.00,0.00,0.00,0.00,0.00,0.00,0.00,0.00,0.00,0.00,0.00,0.00,0.00,0.00,0.00,0.00,0.00,0.00,0.00,0.00,0.00,0.00,0.00
